/*!40101 SET @OLD_CHARACTER_SET_CLIENT=@@CHARACTER_SET_CLIENT */;
/*!40101 SET NAMES utf8 */;
/*!50503 SET NAMES utf8mb4 */;
/*!40014 SET @OLD_FOREIGN_KEY_CHECKS=@@FOREIGN_KEY_CHECKS, FOREIGN_KEY_CHECKS=0 */;
/*!40101 SET @OLD_SQL_MODE=@@SQL_MODE, SQL_MODE='NO_AUTO_VALUE_ON_ZERO' */;

DROP DATABASE IF EXISTS `library`;
CREATE DATABASE IF NOT EXISTS `library` /*!40100 DEFAULT CHARACTER SET utf8 COLLATE utf8_unicode_ci */;
USE `library`;

DROP TABLE IF EXISTS `author`;
CREATE TABLE IF NOT EXISTS `author` (
  `author_id` int(10) unsigned NOT NULL AUTO_INCREMENT,
  `forename` varchar(50) NOT NULL DEFAULT '0',
  `surname` varchar(50) NOT NULL DEFAULT '0',
  PRIMARY KEY (`author_id`),
  UNIQUE KEY `uq_author_forename_surname` (`forename`,`surname`)
) ENGINE=InnoDB AUTO_INCREMENT=27 DEFAULT CHARSET=utf8;

DELETE FROM `author`;
/*!40000 ALTER TABLE `author` DISABLE KEYS */;
INSERT INTO `author` (`author_id`, `forename`, `surname`) VALUES
	(6, 'Aleksandar', 'Jevremović'),
	(10, 'Declan', 'Konner'),
	(9, 'Dejan', 'Živković'),
	(1, 'Dobrica', 'Ćosić'),
	(24, 'Goran', 'Šimić'),
	(20, 'Lauren', 'Lynne'),
	(25, 'Ljubiša', 'Lazarević'),
	(26, 'Marko', 'Šarac'),
	(7, 'Milan', 'Tair'),
	(5, 'Mladen ', 'Veinović'),
	(19, 'Pick', 'an author...'),
	(23, 'Ratko', 'Marković'),
	(16, 'Saša', 'Adamović'),
	(8, 'Sigmund', 'Frojd'),
	(4, 'Tabere', 'Mafi');
/*!40000 ALTER TABLE `author` ENABLE KEYS */;

DROP TABLE IF EXISTS `book`;
CREATE TABLE IF NOT EXISTS `book` (
  `book_id` int(10) unsigned NOT NULL AUTO_INCREMENT,
  `title` varchar(64) NOT NULL DEFAULT '0',
  `original_title` varchar(64) NOT NULL DEFAULT '0',
  `publication_year` smallint(4) unsigned NOT NULL DEFAULT '0',
  `pages` smallint(4) unsigned NOT NULL DEFAULT '0',
  `isbn` varchar(13) NOT NULL DEFAULT '0',
  `language` varchar(30) NOT NULL DEFAULT '0',
  `catalog_number` varchar(10) NOT NULL DEFAULT '0',
  `is_visible` tinyint(1) unsigned NOT NULL DEFAULT '1',
  `category_id` int(10) unsigned NOT NULL DEFAULT '0',
  `publisher_id` int(10) unsigned NOT NULL DEFAULT '0',
  `location_id` int(10) unsigned NOT NULL DEFAULT '0',
  PRIMARY KEY (`book_id`),
  UNIQUE KEY `uk_book_isbn` (`isbn`),
  UNIQUE KEY `uq_book_catalog_number` (`catalog_number`),
  KEY `fk_book_category_id` (`category_id`),
  KEY `fk_book_publisher_id` (`publisher_id`),
  KEY `fk_book_location_id` (`location_id`),
  CONSTRAINT `fk_book_category_id` FOREIGN KEY (`category_id`) REFERENCES `category` (`category_id`) ON UPDATE CASCADE,
  CONSTRAINT `fk_book_location_id` FOREIGN KEY (`location_id`) REFERENCES `location` (`location_id`) ON UPDATE CASCADE,
  CONSTRAINT `fk_book_publisher_id` FOREIGN KEY (`publisher_id`) REFERENCES `publisher` (`publisher_id`) ON UPDATE CASCADE
) ENGINE=InnoDB AUTO_INCREMENT=40 DEFAULT CHARSET=utf8;

DELETE FROM `book`;
/*!40000 ALTER TABLE `book` DISABLE KEYS */;
INSERT INTO `book` (`book_id`, `title`, `original_title`, `publication_year`, `pages`, `isbn`, `language`, `catalog_number`, `is_visible`, `category_id`, `publisher_id`, `location_id`) VALUES
	(5, 'Baze podataka', 'Baze podataka', 2016, 186, '250000425111', 'srpski', '2', 1, 8, 3, 1),
	(12, 'Internet tehnologije', 'Internet tehnologije', 2017, 161, '2098978945612', 'srpski', '1565171228', 1, 8, 3, 3),
	(14, 'Kriptologija 1', 'Kriptologija 1', 2018, 245, '5214216597845', 'sroski', '1286171228', 1, 8, 3, 4),
	(15, 'Osnove java programiranja', 'Osnove java programiranja', 2009, 268, '5647841247357', 'srpski', '840171632', 0, 8, 3, 5),
	(24, 'Računarske mreže', 'Računarske mreže', 2009, 288, '5747896213541', 'srpski', '587171632', 1, 8, 1, 1),
	(33, 'Percepcije', 'Perceptions', 2009, 161, '5214216597747', 'srpski', '279171141', 1, 9, 1, 1),
	(35, 'Upravno pravo', 'Upravno pravo', 2002, 616, '8674630464259', 'srpski', '1632181211', 1, 23, 1, 1),
	(36, 'Ustavno pravo i političke institucije', 'Ustavno pravo i političke institucije', 2000, 683, '8679540464254', 'srpski', '866181211', 1, 23, 6, 5),
	(37, 'Kompletan uvod u psihoanalizu', 'Vorlesungen zur Einführung in die Psychoanalyse', 1999, 486, '8674630001254', 'srpski', '577181211', 1, 6, 6, 1),
	(38, 'Krivično pravo', 'Krivično pravo', 2000, 324, '8512470464254', 'srpski', '1054181211', 1, 23, 8, 8),
	(39, 'Zaštita u računarskim mrežama', 'Zaštita u računarskim mrežama', 2015, 153, '8574851547325', 'srpski', '83181211', 1, 8, 3, 4);
/*!40000 ALTER TABLE `book` ENABLE KEYS */;

DROP TABLE IF EXISTS `book_author`;
CREATE TABLE IF NOT EXISTS `book_author` (
  `book_author_id` int(10) unsigned NOT NULL AUTO_INCREMENT,
  `book_id` int(10) unsigned NOT NULL DEFAULT '0',
  `author_id` int(10) unsigned NOT NULL DEFAULT '0',
  PRIMARY KEY (`book_author_id`),
  UNIQUE KEY `uq_book_author_book_id_author_id` (`book_id`,`author_id`),
  KEY `fk_book_author_author_id` (`author_id`),
  CONSTRAINT `fk_book_author_author_id` FOREIGN KEY (`author_id`) REFERENCES `author` (`author_id`) ON UPDATE CASCADE,
  CONSTRAINT `fk_book_author_book_id` FOREIGN KEY (`book_id`) REFERENCES `book` (`book_id`) ON UPDATE CASCADE
) ENGINE=InnoDB AUTO_INCREMENT=72 DEFAULT CHARSET=utf8;

DELETE FROM `book_author`;
/*!40000 ALTER TABLE `book_author` DISABLE KEYS */;
INSERT INTO `book_author` (`book_author_id`, `book_id`, `author_id`) VALUES
	(66, 5, 5),
	(63, 5, 6),
	(65, 5, 7),
	(64, 5, 24),
	(12, 12, 5),
	(11, 12, 6),
	(15, 14, 5),
	(16, 14, 16),
	(30, 15, 9),
	(55, 24, 5),
	(54, 24, 6),
	(52, 33, 20),
	(68, 35, 23),
	(58, 36, 23),
	(59, 37, 8),
	(67, 38, 25),
	(71, 39, 5),
	(69, 39, 24),
	(70, 39, 26);
/*!40000 ALTER TABLE `book_author` ENABLE KEYS */;

DROP TABLE IF EXISTS `category`;
CREATE TABLE IF NOT EXISTS `category` (
  `category_id` int(10) unsigned NOT NULL AUTO_INCREMENT,
  `name` varchar(50) NOT NULL DEFAULT '0',
  PRIMARY KEY (`category_id`),
  UNIQUE KEY `uq_category_name` (`name`)
) ENGINE=InnoDB AUTO_INCREMENT=24 DEFAULT CHARSET=utf8;

DELETE FROM `category`;
/*!40000 ALTER TABLE `category` DISABLE KEYS */;
INSERT INTO `category` (`category_id`, `name`) VALUES
	(1, 'Dečija književnost'),
	(9, 'Fantastika'),
	(8, 'Informatika'),
	(23, 'Pravo'),
	(6, 'Psihologija'),
	(7, 'Rečnik');
/*!40000 ALTER TABLE `category` ENABLE KEYS */;

DROP TABLE IF EXISTS `location`;
CREATE TABLE IF NOT EXISTS `location` (
  `location_id` int(10) unsigned NOT NULL AUTO_INCREMENT,
  `room` varchar(30) NOT NULL DEFAULT '0',
  `shelf` varchar(20) NOT NULL DEFAULT '0',
  PRIMARY KEY (`location_id`),
  UNIQUE KEY `uq_location_room_shelf` (`room`,`shelf`)
) ENGINE=InnoDB AUTO_INCREMENT=10 DEFAULT CHARSET=utf8;

DELETE FROM `location`;
/*!40000 ALTER TABLE `location` DISABLE KEYS */;
INSERT INTO `location` (`location_id`, `room`, `shelf`) VALUES
	(6, 'Dečija soba', 'DČ02'),
	(1, 'Dnevna soba', 'DS01'),
	(3, 'Dnevna soba', 'DS04'),
	(4, 'Kancelarija', 'KC01'),
	(5, 'Kancelarija', 'KC02'),
	(8, 'Kancelarija', 'KC03'),
	(7, 'Kancelarija', 'KC04'),
	(9, 'Kancelarija', 'KC10');
/*!40000 ALTER TABLE `location` ENABLE KEYS */;

DROP TABLE IF EXISTS `photo`;
CREATE TABLE IF NOT EXISTS `photo` (
  `photo_id` int(10) unsigned NOT NULL AUTO_INCREMENT,
  `book_id` int(10) unsigned NOT NULL DEFAULT '0',
  `cover` enum('front','back') NOT NULL DEFAULT 'front',
  `image_path` varchar(128) NOT NULL DEFAULT '0',
  PRIMARY KEY (`photo_id`),
  UNIQUE KEY `uq_photo_book_id_cover` (`book_id`,`cover`),
  UNIQUE KEY `uq_image_path` (`image_path`),
  CONSTRAINT `fk_photo_book_id` FOREIGN KEY (`book_id`) REFERENCES `book` (`book_id`) ON UPDATE CASCADE
) ENGINE=InnoDB AUTO_INCREMENT=75 DEFAULT CHARSET=utf8;

DELETE FROM `photo`;
/*!40000 ALTER TABLE `photo` DISABLE KEYS */;
INSERT INTO `photo` (`photo_id`, `book_id`, `cover`, `image_path`) VALUES
	(53, 14, 'front', '202091-9714843630-Kripto1_front.jpg'),
	(54, 14, 'back', '202091-4796690726-Kripto1_back.jpg'),
	(55, 12, 'front', '202091-4448538464-Internet_Tehnologije_front.jpg'),
	(56, 12, 'back', '202091-3746255619-Internet_Tehnologije_back.jpg'),
	(57, 15, 'front', '202091-3933367465-Osnove_Java_front.jpg'),
	(58, 15, 'back', '202091-6344416222-Internet_Tehnologije_back.jpg'),
	(59, 24, 'front', '202091-6852807226-RM_front.jpg'),
	(60, 24, 'back', '202091-1109433826-RM_back.jpg'),
	(61, 33, 'front', '202091-2878654054-perceptions_front.png'),
	(62, 33, 'back', '202091-8566834156-perception_back.png'),
	(63, 35, 'front', '202091-1457694178-Upravno_front.jpg'),
	(64, 36, 'front', '202091-1714767277-UPiPI_front.jpg'),
	(65, 35, 'back', '202091-1183261375-Upravno_back.jpg'),
	(66, 36, 'back', '202091-5681139315-UPiPI_back.jpg'),
	(67, 37, 'front', '202091-3888189507-Uvod_u_psihoanalizu_front.jpg'),
	(68, 37, 'back', '202091-8229455331-Uvod_u_psihoanalizu_back.jpg'),
	(69, 5, 'front', '202091-8231434176-BP_cover_2018.png'),
	(70, 5, 'back', '202091-5661746174-BP_back_2018.png'),
	(71, 38, 'front', '202091-4082879135-KP_front.jpg'),
	(72, 38, 'back', '202091-4040198297-KP_back.jpg'),
	(73, 39, 'front', '202091-9164328611-ZRM_front.jpg'),
	(74, 39, 'back', '202091-7380618743-ZRM_back.jpg');
/*!40000 ALTER TABLE `photo` ENABLE KEYS */;

DROP TABLE IF EXISTS `publisher`;
CREATE TABLE IF NOT EXISTS `publisher` (
  `publisher_id` int(10) unsigned NOT NULL AUTO_INCREMENT,
  `name` varchar(50) NOT NULL DEFAULT '0',
  `city` varchar(50) NOT NULL DEFAULT '0',
  `state` varchar(64) NOT NULL DEFAULT '0',
  `founded_in` smallint(4) unsigned NOT NULL DEFAULT '0',
  PRIMARY KEY (`publisher_id`),
  UNIQUE KEY `uq_publisher_name` (`name`)
) ENGINE=InnoDB AUTO_INCREMENT=9 DEFAULT CHARSET=utf8;

DELETE FROM `publisher`;
/*!40000 ALTER TABLE `publisher` DISABLE KEYS */;
INSERT INTO `publisher` (`publisher_id`, `name`, `city`, `state`, `founded_in`) VALUES
	(1, 'Laguna', 'Beograd', 'Srbija', 2001),
	(2, 'Klett', 'Berlin', 'Nemačka', 1986),
	(3, 'Univerzitet Singidunum', 'Beograd', 'Srbija', 2004),
	(4, 'Harvard University Press', 'Cambridge, MA', 'SAD', 1977),
	(5, 'Nolit', 'Beograd', 'Srbija', 1976),
	(6, 'BIGZ', 'Beograd', 'Srbija', 1935),
	(7, 'Naučna misao', 'Beograd', 'Srbija', 1989),
	(8, 'Savremena administracija', 'Beograd', 'Srbija', 1977);
/*!40000 ALTER TABLE `publisher` ENABLE KEYS */;

DROP TABLE IF EXISTS `user`;
CREATE TABLE IF NOT EXISTS `user` (
  `user_id` int(10) unsigned NOT NULL AUTO_INCREMENT,
  `username` varchar(50) NOT NULL DEFAULT '0',
  `password_hash` varchar(128) NOT NULL DEFAULT '0',
  PRIMARY KEY (`user_id`),
  UNIQUE KEY `uq_user_username` (`username`)
) ENGINE=InnoDB AUTO_INCREMENT=26 DEFAULT CHARSET=utf8;

DELETE FROM `user`;
/*!40000 ALTER TABLE `user` DISABLE KEYS */;
INSERT INTO `user` (`user_id`, `username`, `password_hash`) VALUES
	(1, 'alisa', '92ED1F0DFA10AD6B5A81D10560711B8D0F5CF5582221C7C14C7CBD594958C730B46A491979AA6F79DE57D53237FF363D88464D141071CA52AF31C63382F6C7A6'),
	(2, 'nimiko', '92ED1F0DFA10AD6B5A81D10560711B8D0F5CF5582221C7C14C7CBD594958C730B46A491979AA6F79DE57D53237FF363D88464D141071CA52AF31C63382F6C7A6'),
	(3, 'matilda', '92ED1F0DFA10AD6B5A81D10560711B8D0F5CF5582221C7C14C7CBD594958C730B46A491979AA6F79DE57D53237FF363D88464D141071CA52AF31C63382F6C7A6'),
	(6, 'goran', 'C8A067B40F5F9AF4096245F94FD5226D4DA5389DC633377E7F15E854403128FAD8885BABACD35AECD11BE1D1F39A1155495BD786FDC7802AE3D02DFEA449C7F4'),
	(7, 'admin', 'C7AD44CBAD762A5DA0A452F9E854FDC1E0E7A52A38015F23F3EAB1D80B931DD472634DFAC71CD34EBC35D16AB7FB8A90C81F975113D6C7538DC69DD8DE9077EC'),
	(9, 'boban', 'C2E84F054C7F95498FF5A98A0908A0808D6AE9983642C9D27453113970EBACC813735E51C1E7BF20D9BF8AD7691D9BD7EB6D229BA030749A6C60D1366FB84BB7'),
	(25, 'Korisnik', '396EBBEC80CE4AE542245AE0312111FE054A3FA8B99B33384D8E368BA943DCD41FE78A02AF26FF984D1C9CD9E6CCCA57304DF9CA6C5F2F7E3D08B58FE2BA7BFE');
/*!40000 ALTER TABLE `user` ENABLE KEYS */;

DROP TABLE IF EXISTS `user_token`;
CREATE TABLE IF NOT EXISTS `user_token` (
  `user_token_id` int(10) unsigned NOT NULL AUTO_INCREMENT,
  `user_id` int(10) unsigned NOT NULL,
  `created_at` timestamp NOT NULL DEFAULT CURRENT_TIMESTAMP,
  `token` text NOT NULL,
  `expires_at` datetime NOT NULL,
  `is_valid` tinyint(1) unsigned NOT NULL DEFAULT '1',
  PRIMARY KEY (`user_token_id`),
  KEY `fl_user_token_uder_id` (`user_id`),
  CONSTRAINT `fl_user_token_uder_id` FOREIGN KEY (`user_id`) REFERENCES `user` (`user_id`) ON UPDATE CASCADE
) ENGINE=InnoDB AUTO_INCREMENT=125 DEFAULT CHARSET=utf8;

DELETE FROM `user_token`;
/*!40000 ALTER TABLE `user_token` DISABLE KEYS */;
INSERT INTO `user_token` (`user_token_id`, `user_id`, `created_at`, `token`, `expires_at`, `is_valid`) VALUES
	(1, 7, '2020-08-12 09:35:35', 'eyJhbGciOiJIUzI1NiIsInR5cCI6IkpXVCJ9.eyJyb2xlIjoidXNlciIsInVzZXJJZCI6NywidXNlcm5hbWUiOiJhZG1pbiIsImV4cCI6MTU5OTg5NjEzNS4yOTEsImlwIjoiOjoxIiwidWEiOiJQb3N0bWFuUnVudGltZS83LjI2LjMiLCJpYXQiOjE1OTcyMTc3MzV9.qqeBZnpYwGWMBSXQJMaP6wiiyCBcUv1Dvn4z1a78Ayw', '2020-09-12 07:35:35', 1),
	(2, 7, '2020-08-12 10:20:17', 'eyJhbGciOiJIUzI1NiIsInR5cCI6IkpXVCJ9.eyJyb2xlIjoidXNlciIsInVzZXJJZCI6NywidXNlcm5hbWUiOiJhZG1pbiIsImV4cCI6MTU5OTg5ODgxNy4yNjgsImlwIjoiOjoxIiwidWEiOiJQb3N0bWFuUnVudGltZS83LjI2LjMiLCJpYXQiOjE1OTcyMjA0MTd9.UFSt7pqbtVs_Rthg-i0zLTy0vN0ZI4xAvSABo-uQelw', '2020-09-12 08:20:17', 1),
	(3, 7, '2020-08-13 07:44:50', 'eyJhbGciOiJIUzI1NiIsInR5cCI6IkpXVCJ9.eyJyb2xlIjoidXNlciIsInVzZXJJZCI6NywidXNlcm5hbWUiOiJhZG1pbiIsImV4cCI6MTU5OTk3NTg5MC41NTYsImlwIjoiOjoxIiwidWEiOiJNb3ppbGxhLzUuMCAoV2luZG93cyBOVCAxMC4wOyBXaW42NDsgeDY0KSBBcHBsZVdlYktpdC81MzcuMzYgKEtIVE1MLCBsaWtlIEdlY2tvKSBDaHJvbWUvODQuMC40MTQ3LjEwNSBTYWZhcmkvNTM3LjM2IiwiaWF0IjoxNTk3Mjk3NDkwfQ.U022Wm9UVwFfFynPnHccMOm0D9ceOAVaoJdSCe4SPvs', '2020-09-13 05:44:50', 1),
	(4, 7, '2020-08-13 07:45:33', 'eyJhbGciOiJIUzI1NiIsInR5cCI6IkpXVCJ9.eyJyb2xlIjoidXNlciIsInVzZXJJZCI6NywidXNlcm5hbWUiOiJhZG1pbiIsImV4cCI6MTU5OTk3NTkzMy42NjYsImlwIjoiOjoxIiwidWEiOiJNb3ppbGxhLzUuMCAoV2luZG93cyBOVCAxMC4wOyBXaW42NDsgeDY0KSBBcHBsZVdlYktpdC81MzcuMzYgKEtIVE1MLCBsaWtlIEdlY2tvKSBDaHJvbWUvODQuMC40MTQ3LjEwNSBTYWZhcmkvNTM3LjM2IiwiaWF0IjoxNTk3Mjk3NTMzfQ.7BmDGipjTuKGUEyyIlWekL_nZW_G0QFxzOiMbhFXGuQ', '2020-09-13 05:45:33', 1),
	(5, 6, '2020-08-13 07:52:57', 'eyJhbGciOiJIUzI1NiIsInR5cCI6IkpXVCJ9.eyJyb2xlIjoidXNlciIsInVzZXJJZCI6NiwidXNlcm5hbWUiOiJnb3JhbiIsImV4cCI6MTU5OTk3NjM3Ny44OTgsImlwIjoiOjoxIiwidWEiOiJNb3ppbGxhLzUuMCAoV2luZG93cyBOVCAxMC4wOyBXaW42NDsgeDY0KSBBcHBsZVdlYktpdC81MzcuMzYgKEtIVE1MLCBsaWtlIEdlY2tvKSBDaHJvbWUvODQuMC40MTQ3LjEyNSBTYWZhcmkvNTM3LjM2IiwiaWF0IjoxNTk3Mjk3OTc3fQ.QpeBiG31OJn1xDFY6aA7_m6ITblWjvkYqDOYly0W0vI', '2020-09-13 05:52:57', 1),
	(6, 7, '2020-08-13 08:00:28', 'eyJhbGciOiJIUzI1NiIsInR5cCI6IkpXVCJ9.eyJyb2xlIjoidXNlciIsInVzZXJJZCI6NywidXNlcm5hbWUiOiJhZG1pbiIsImV4cCI6MTU5OTk3NjgyOC43MTIsImlwIjoiOjoxIiwidWEiOiJNb3ppbGxhLzUuMCAoV2luZG93cyBOVCAxMC4wOyBXaW42NDsgeDY0KSBBcHBsZVdlYktpdC81MzcuMzYgKEtIVE1MLCBsaWtlIEdlY2tvKSBDaHJvbWUvODQuMC40MTQ3LjEyNSBTYWZhcmkvNTM3LjM2IiwiaWF0IjoxNTk3Mjk4NDI4fQ.PEXPD58Hvvi-_1dscg2M0rrt29WmYBMAukoCNfGL7Hk', '2020-09-13 06:00:28', 1),
	(7, 7, '2020-08-13 08:02:53', 'eyJhbGciOiJIUzI1NiIsInR5cCI6IkpXVCJ9.eyJyb2xlIjoidXNlciIsInVzZXJJZCI6NywidXNlcm5hbWUiOiJhZG1pbiIsImV4cCI6MTU5OTk3Njk3My4wODgsImlwIjoiOjoxIiwidWEiOiJNb3ppbGxhLzUuMCAoV2luZG93cyBOVCAxMC4wOyBXaW42NDsgeDY0KSBBcHBsZVdlYktpdC81MzcuMzYgKEtIVE1MLCBsaWtlIEdlY2tvKSBDaHJvbWUvODQuMC40MTQ3LjEwNSBTYWZhcmkvNTM3LjM2IiwiaWF0IjoxNTk3Mjk4NTczfQ.OSWnUmGvy79fnJKbI6LhmQn9v37RotJqXpY0ShMIcx0', '2020-09-13 06:02:53', 1),
	(8, 7, '2020-08-13 08:05:35', 'eyJhbGciOiJIUzI1NiIsInR5cCI6IkpXVCJ9.eyJyb2xlIjoidXNlciIsInVzZXJJZCI6NywidXNlcm5hbWUiOiJhZG1pbiIsImV4cCI6MTU5OTk3NzEzNS4zNDQsImlwIjoiOjoxIiwidWEiOiJNb3ppbGxhLzUuMCAoV2luZG93cyBOVCAxMC4wOyBXaW42NDsgeDY0KSBBcHBsZVdlYktpdC81MzcuMzYgKEtIVE1MLCBsaWtlIEdlY2tvKSBDaHJvbWUvODQuMC40MTQ3LjEwNSBTYWZhcmkvNTM3LjM2IiwiaWF0IjoxNTk3Mjk4NzM1fQ.Z1VbxpHVn027EEew7s9uuIE-aF4nSXSF9wkONio_2-w', '2020-09-13 06:05:35', 1),
	(9, 7, '2020-08-13 08:14:24', 'eyJhbGciOiJIUzI1NiIsInR5cCI6IkpXVCJ9.eyJyb2xlIjoidXNlciIsInVzZXJJZCI6NywidXNlcm5hbWUiOiJhZG1pbiIsImV4cCI6MTU5OTk3NzY2NC42NCwiaXAiOiI6OjEiLCJ1YSI6Ik1vemlsbGEvNS4wIChXaW5kb3dzIE5UIDEwLjA7IFdpbjY0OyB4NjQpIEFwcGxlV2ViS2l0LzUzNy4zNiAoS0hUTUwsIGxpa2UgR2Vja28pIENocm9tZS84NC4wLjQxNDcuMTA1IFNhZmFyaS81MzcuMzYiLCJpYXQiOjE1OTcyOTkyNjR9.hM55THopB0QTwn4rjqY1t3PoRBhYEwXf3q_MhL7tsyI', '2020-09-13 06:14:24', 1),
	(10, 7, '2020-08-13 08:14:26', 'eyJhbGciOiJIUzI1NiIsInR5cCI6IkpXVCJ9.eyJyb2xlIjoidXNlciIsInVzZXJJZCI6NywidXNlcm5hbWUiOiJhZG1pbiIsImV4cCI6MTU5OTk3NzY2Ni43NzQsImlwIjoiOjoxIiwidWEiOiJNb3ppbGxhLzUuMCAoV2luZG93cyBOVCAxMC4wOyBXaW42NDsgeDY0KSBBcHBsZVdlYktpdC81MzcuMzYgKEtIVE1MLCBsaWtlIEdlY2tvKSBDaHJvbWUvODQuMC40MTQ3LjEwNSBTYWZhcmkvNTM3LjM2IiwiaWF0IjoxNTk3Mjk5MjY2fQ.sODtncLcQ6u9eYtRffiaNF6E3gBjfiRGzlDBvUcJSvw', '2020-09-13 06:14:26', 1),
	(11, 7, '2020-08-13 08:14:27', 'eyJhbGciOiJIUzI1NiIsInR5cCI6IkpXVCJ9.eyJyb2xlIjoidXNlciIsInVzZXJJZCI6NywidXNlcm5hbWUiOiJhZG1pbiIsImV4cCI6MTU5OTk3NzY2Ny4zMzQsImlwIjoiOjoxIiwidWEiOiJNb3ppbGxhLzUuMCAoV2luZG93cyBOVCAxMC4wOyBXaW42NDsgeDY0KSBBcHBsZVdlYktpdC81MzcuMzYgKEtIVE1MLCBsaWtlIEdlY2tvKSBDaHJvbWUvODQuMC40MTQ3LjEwNSBTYWZhcmkvNTM3LjM2IiwiaWF0IjoxNTk3Mjk5MjY3fQ.gCFhJ2TCJg7xqlHaSOIPX7L_jbYWSdhqiMD9JQelyzw', '2020-09-13 06:14:27', 1),
	(12, 7, '2020-08-13 08:18:39', 'eyJhbGciOiJIUzI1NiIsInR5cCI6IkpXVCJ9.eyJyb2xlIjoidXNlciIsInVzZXJJZCI6NywidXNlcm5hbWUiOiJhZG1pbiIsImV4cCI6MTU5OTk3NzkxOS42NTQsImlwIjoiOjoxIiwidWEiOiJNb3ppbGxhLzUuMCAoV2luZG93cyBOVCAxMC4wOyBXaW42NDsgeDY0KSBBcHBsZVdlYktpdC81MzcuMzYgKEtIVE1MLCBsaWtlIEdlY2tvKSBDaHJvbWUvODQuMC40MTQ3LjEwNSBTYWZhcmkvNTM3LjM2IiwiaWF0IjoxNTk3Mjk5NTE5fQ.RCKLueux7Anh9gPaVZudQoUX9oxveS4ThKJTagEyroo', '2020-09-13 06:18:39', 1),
	(13, 7, '2020-08-13 08:18:43', 'eyJhbGciOiJIUzI1NiIsInR5cCI6IkpXVCJ9.eyJyb2xlIjoidXNlciIsInVzZXJJZCI6NywidXNlcm5hbWUiOiJhZG1pbiIsImV4cCI6MTU5OTk3NzkyMy41NTIsImlwIjoiOjoxIiwidWEiOiJNb3ppbGxhLzUuMCAoV2luZG93cyBOVCAxMC4wOyBXaW42NDsgeDY0KSBBcHBsZVdlYktpdC81MzcuMzYgKEtIVE1MLCBsaWtlIEdlY2tvKSBDaHJvbWUvODQuMC40MTQ3LjEwNSBTYWZhcmkvNTM3LjM2IiwiaWF0IjoxNTk3Mjk5NTIzfQ.yLJvHalHrXdQtUUj9N2xNA-bAkXVfFqmYvVqvRy5oRo', '2020-09-13 06:18:43', 1),
	(14, 7, '2020-08-13 08:27:51', 'eyJhbGciOiJIUzI1NiIsInR5cCI6IkpXVCJ9.eyJyb2xlIjoidXNlciIsInVzZXJJZCI6NywidXNlcm5hbWUiOiJhZG1pbiIsImV4cCI6MTU5OTk3ODQ3MS45MTUsImlwIjoiOjoxIiwidWEiOiJNb3ppbGxhLzUuMCAoV2luZG93cyBOVCAxMC4wOyBXaW42NDsgeDY0KSBBcHBsZVdlYktpdC81MzcuMzYgKEtIVE1MLCBsaWtlIEdlY2tvKSBDaHJvbWUvODQuMC40MTQ3LjEwNSBTYWZhcmkvNTM3LjM2IiwiaWF0IjoxNTk3MzAwMDcxfQ.LzzBJAxprp360WOlZGztkbgWfwm1H-IWBwB1o3xA62w', '2020-09-13 06:27:51', 1),
	(15, 7, '2020-08-13 08:28:06', 'eyJhbGciOiJIUzI1NiIsInR5cCI6IkpXVCJ9.eyJyb2xlIjoidXNlciIsInVzZXJJZCI6NywidXNlcm5hbWUiOiJhZG1pbiIsImV4cCI6MTU5OTk3ODQ4Ni44MDQsImlwIjoiOjoxIiwidWEiOiJNb3ppbGxhLzUuMCAoV2luZG93cyBOVCAxMC4wOyBXaW42NDsgeDY0KSBBcHBsZVdlYktpdC81MzcuMzYgKEtIVE1MLCBsaWtlIEdlY2tvKSBDaHJvbWUvODQuMC40MTQ3LjEwNSBTYWZhcmkvNTM3LjM2IiwiaWF0IjoxNTk3MzAwMDg2fQ.hJ0qNnoMrg5Kf5BzCit6pAXl-_5n4weigDge0HtUM_4', '2020-09-13 06:28:06', 1),
	(16, 7, '2020-08-13 08:42:09', 'eyJhbGciOiJIUzI1NiIsInR5cCI6IkpXVCJ9.eyJyb2xlIjoidXNlciIsInVzZXJJZCI6NywidXNlcm5hbWUiOiJhZG1pbiIsImV4cCI6MTU5OTk3OTMyOS45MDksImlwIjoiOjoxIiwidWEiOiJNb3ppbGxhLzUuMCAoV2luZG93cyBOVCAxMC4wOyBXaW42NDsgeDY0KSBBcHBsZVdlYktpdC81MzcuMzYgKEtIVE1MLCBsaWtlIEdlY2tvKSBDaHJvbWUvODQuMC40MTQ3LjEyNSBTYWZhcmkvNTM3LjM2IiwiaWF0IjoxNTk3MzAwOTI5fQ.C_IwCEzxvqVtQJsmDpzKTrxztUudb88XoOlBUtPZxkY', '2020-09-13 06:42:09', 1),
	(17, 7, '2020-08-13 08:44:52', 'eyJhbGciOiJIUzI1NiIsInR5cCI6IkpXVCJ9.eyJyb2xlIjoidXNlciIsInVzZXJJZCI6NywidXNlcm5hbWUiOiJhZG1pbiIsImV4cCI6MTU5OTk3OTQ5Mi4wMTQsImlwIjoiOjoxIiwidWEiOiJNb3ppbGxhLzUuMCAoV2luZG93cyBOVCAxMC4wOyBXaW42NDsgeDY0KSBBcHBsZVdlYktpdC81MzcuMzYgKEtIVE1MLCBsaWtlIEdlY2tvKSBDaHJvbWUvODQuMC40MTQ3LjEwNSBTYWZhcmkvNTM3LjM2IiwiaWF0IjoxNTk3MzAxMDkyfQ.K2e_KkbFjQzE_aFUBxjGr6hwcVZf8mvmwH3SRA-Akvo', '2020-09-13 06:44:52', 1),
	(18, 7, '2020-08-13 08:45:07', 'eyJhbGciOiJIUzI1NiIsInR5cCI6IkpXVCJ9.eyJyb2xlIjoidXNlciIsInVzZXJJZCI6NywidXNlcm5hbWUiOiJhZG1pbiIsImV4cCI6MTU5OTk3OTUwNy43MywiaXAiOiI6OjEiLCJ1YSI6Ik1vemlsbGEvNS4wIChXaW5kb3dzIE5UIDEwLjA7IFdpbjY0OyB4NjQpIEFwcGxlV2ViS2l0LzUzNy4zNiAoS0hUTUwsIGxpa2UgR2Vja28pIENocm9tZS84NC4wLjQxNDcuMTA1IFNhZmFyaS81MzcuMzYiLCJpYXQiOjE1OTczMDExMDd9.OT8hZttD9741QkMrzog-8HQhdHSOq-BN51pjympbo0c', '2020-09-13 06:45:07', 1),
	(19, 7, '2020-08-13 08:57:00', 'eyJhbGciOiJIUzI1NiIsInR5cCI6IkpXVCJ9.eyJyb2xlIjoidXNlciIsInVzZXJJZCI6NywidXNlcm5hbWUiOiJhZG1pbiIsImV4cCI6MTU5OTk4MDIyMC44MjIsImlwIjoiOjoxIiwidWEiOiJNb3ppbGxhLzUuMCAoV2luZG93cyBOVCAxMC4wOyBXaW42NDsgeDY0KSBBcHBsZVdlYktpdC81MzcuMzYgKEtIVE1MLCBsaWtlIEdlY2tvKSBDaHJvbWUvODQuMC40MTQ3LjEwNSBTYWZhcmkvNTM3LjM2IiwiaWF0IjoxNTk3MzAxODIwfQ.caDrrtRqj-IxrLYEW6HU-b914n5-ZsmKRXkqCxDOEfA', '2020-09-13 06:57:00', 1),
	(20, 7, '2020-08-13 08:59:42', 'eyJhbGciOiJIUzI1NiIsInR5cCI6IkpXVCJ9.eyJyb2xlIjoidXNlciIsInVzZXJJZCI6NywidXNlcm5hbWUiOiJhZG1pbiIsImV4cCI6MTU5OTk4MDM4Mi40NzEsImlwIjoiOjoxIiwidWEiOiJNb3ppbGxhLzUuMCAoV2luZG93cyBOVCAxMC4wOyBXaW42NDsgeDY0KSBBcHBsZVdlYktpdC81MzcuMzYgKEtIVE1MLCBsaWtlIEdlY2tvKSBDaHJvbWUvODQuMC40MTQ3LjEyNSBTYWZhcmkvNTM3LjM2IiwiaWF0IjoxNTk3MzAxOTgyfQ.6KBC7p3srO6bL-KlYx4zfbF41IWEJwGPpSeSKLQmncQ', '2020-09-13 06:59:42', 1),
	(21, 7, '2020-08-13 09:09:44', 'eyJhbGciOiJIUzI1NiIsInR5cCI6IkpXVCJ9.eyJyb2xlIjoidXNlciIsInVzZXJJZCI6NywidXNlcm5hbWUiOiJhZG1pbiIsImV4cCI6MTU5OTk4MDk4NC45MzcsImlwIjoiOjoxIiwidWEiOiJNb3ppbGxhLzUuMCAoV2luZG93cyBOVCAxMC4wOyBXaW42NDsgeDY0KSBBcHBsZVdlYktpdC81MzcuMzYgKEtIVE1MLCBsaWtlIEdlY2tvKSBDaHJvbWUvODQuMC40MTQ3LjEwNSBTYWZhcmkvNTM3LjM2IiwiaWF0IjoxNTk3MzAyNTg0fQ.6MM8gbCxgmJj0-sg4RikXl3NDMZGNVfi25nsanwmEQ8', '2020-09-13 07:09:44', 1),
	(22, 7, '2020-08-13 09:32:32', 'eyJhbGciOiJIUzI1NiIsInR5cCI6IkpXVCJ9.eyJyb2xlIjoidXNlciIsInVzZXJJZCI6NywidXNlcm5hbWUiOiJhZG1pbiIsImV4cCI6MTU5OTk4MjM1Mi4yOTEsImlwIjoiOjoxIiwidWEiOiJNb3ppbGxhLzUuMCAoV2luZG93cyBOVCAxMC4wOyBXaW42NDsgeDY0KSBBcHBsZVdlYktpdC81MzcuMzYgKEtIVE1MLCBsaWtlIEdlY2tvKSBDaHJvbWUvODQuMC40MTQ3LjEwNSBTYWZhcmkvNTM3LjM2IiwiaWF0IjoxNTk3MzAzOTUyfQ.oVmi73Wiywy-GA9aBNKv6VqegovUzMMsTNPFGcxE_xc', '2020-09-13 07:32:32', 1),
	(24, 9, '2020-08-13 11:08:19', 'eyJhbGciOiJIUzI1NiIsInR5cCI6IkpXVCJ9.eyJyb2xlIjoidXNlciIsInVzZXJJZCI6OSwidXNlcm5hbWUiOiJib2JhbiIsImV4cCI6MTU5OTk4ODA5OS40OTYsImlwIjoiOjoxIiwidWEiOiJNb3ppbGxhLzUuMCAoV2luZG93cyBOVCAxMC4wOyBXaW42NDsgeDY0KSBBcHBsZVdlYktpdC81MzcuMzYgKEtIVE1MLCBsaWtlIEdlY2tvKSBDaHJvbWUvODQuMC40MTQ3LjEyNSBTYWZhcmkvNTM3LjM2IiwiaWF0IjoxNTk3MzA5Njk5fQ.F1-VWNPIT-SeMUsCYfJZ94Lv0CRaYNBgVQpj9fQX71c', '2020-09-13 09:08:19', 1),
	(25, 9, '2020-08-13 12:50:14', 'eyJhbGciOiJIUzI1NiIsInR5cCI6IkpXVCJ9.eyJyb2xlIjoidXNlciIsInVzZXJJZCI6OSwidXNlcm5hbWUiOiJib2JhbiIsImV4cCI6MTU5OTk5NDIxNC43MjIsImlwIjoiOjoxIiwidWEiOiJNb3ppbGxhLzUuMCAoV2luZG93cyBOVCAxMC4wOyBXaW42NDsgeDY0KSBBcHBsZVdlYktpdC81MzcuMzYgKEtIVE1MLCBsaWtlIEdlY2tvKSBDaHJvbWUvODQuMC40MTQ3LjEwNSBTYWZhcmkvNTM3LjM2IiwiaWF0IjoxNTk3MzE1ODE0fQ.FNC2lY1jb7-5skoyuPZZukxek44lfK961J1JbfG0AHI', '2020-09-13 10:50:14', 1),
	(26, 9, '2020-08-13 12:55:31', 'eyJhbGciOiJIUzI1NiIsInR5cCI6IkpXVCJ9.eyJyb2xlIjoidXNlciIsInVzZXJJZCI6OSwidXNlcm5hbWUiOiJib2JhbiIsImV4cCI6MTU5OTk5NDUzMS43MDYsImlwIjoiOjoxIiwidWEiOiJNb3ppbGxhLzUuMCAoV2luZG93cyBOVCAxMC4wOyBXaW42NDsgeDY0KSBBcHBsZVdlYktpdC81MzcuMzYgKEtIVE1MLCBsaWtlIEdlY2tvKSBDaHJvbWUvODQuMC40MTQ3LjEwNSBTYWZhcmkvNTM3LjM2IiwiaWF0IjoxNTk3MzE2MTMxfQ.h2tovWGYSNs_iLJ6V6dQ3FF7mRbqNab4dULKxyG2g-4', '2020-09-13 10:55:31', 1),
	(27, 9, '2020-08-13 23:59:23', 'eyJhbGciOiJIUzI1NiIsInR5cCI6IkpXVCJ9.eyJyb2xlIjoidXNlciIsInVzZXJJZCI6OSwidXNlcm5hbWUiOiJib2JhbiIsImV4cCI6MTYwMDAzNDM2My42NjcsImlwIjoiOjoxIiwidWEiOiJQb3N0bWFuUnVudGltZS83LjI2LjMiLCJpYXQiOjE1OTczNTU5NjN9.pu4p5XjcVWs_V94RZmt_7BWPjEExLCB9ZMHrIkwutL8', '2020-09-13 21:59:23', 1),
	(28, 9, '2020-08-14 00:12:15', 'eyJhbGciOiJIUzI1NiIsInR5cCI6IkpXVCJ9.eyJyb2xlIjoidXNlciIsInVzZXJJZCI6OSwidXNlcm5hbWUiOiJib2JhbiIsImV4cCI6MTYwMDAzNTEzNS40NDQsImlwIjoiOjoxIiwidWEiOiJQb3N0bWFuUnVudGltZS83LjI2LjMiLCJpYXQiOjE1OTczNTY3MzV9.IUbbiQG1agOtUHdKvaPcU1ul-uVilY31_wvJtUfK1zM', '2020-09-13 22:12:15', 1),
	(29, 9, '2020-08-14 06:21:06', 'eyJhbGciOiJIUzI1NiIsInR5cCI6IkpXVCJ9.eyJyb2xlIjoidXNlciIsInVzZXJJZCI6OSwidXNlcm5hbWUiOiJib2JhbiIsImV4cCI6MTYwMDA1NzI2Ni43ODgsImlwIjoiOjoxIiwidWEiOiJNb3ppbGxhLzUuMCAoV2luZG93cyBOVCAxMC4wOyBXaW42NDsgeDY0KSBBcHBsZVdlYktpdC81MzcuMzYgKEtIVE1MLCBsaWtlIEdlY2tvKSBDaHJvbWUvODQuMC40MTQ3LjEwNSBTYWZhcmkvNTM3LjM2IiwiaWF0IjoxNTk3Mzc4ODY2fQ.wYbE644l0NnfR1JVoVhyRr8TpvZxavl34TfTZbchbXc', '2020-09-14 04:21:06', 1),
	(30, 9, '2020-08-14 06:31:40', 'eyJhbGciOiJIUzI1NiIsInR5cCI6IkpXVCJ9.eyJyb2xlIjoidXNlciIsInVzZXJJZCI6OSwidXNlcm5hbWUiOiJib2JhbiIsImV4cCI6MTYwMDA1NzkwMC44MTYsImlwIjoiOjoxIiwidWEiOiJNb3ppbGxhLzUuMCAoV2luZG93cyBOVCAxMC4wOyBXaW42NDsgeDY0KSBBcHBsZVdlYktpdC81MzcuMzYgKEtIVE1MLCBsaWtlIEdlY2tvKSBDaHJvbWUvODQuMC40MTQ3LjEwNSBTYWZhcmkvNTM3LjM2IiwiaWF0IjoxNTk3Mzc5NTAwfQ.U6lsc_3eircMn9JtDuhuRH1LHIjpkJ70PKcFq4HHmZM', '2020-09-14 04:31:40', 1),
	(31, 9, '2020-08-14 13:26:02', 'eyJhbGciOiJIUzI1NiIsInR5cCI6IkpXVCJ9.eyJyb2xlIjoidXNlciIsInVzZXJJZCI6OSwidXNlcm5hbWUiOiJib2JhbiIsImV4cCI6MTYwMDA4Mjc2Mi41NjMsImlwIjoiOjoxIiwidWEiOiJNb3ppbGxhLzUuMCAoV2luZG93cyBOVCAxMC4wOyBXaW42NDsgeDY0KSBBcHBsZVdlYktpdC81MzcuMzYgKEtIVE1MLCBsaWtlIEdlY2tvKSBDaHJvbWUvODQuMC40MTQ3LjEyNSBTYWZhcmkvNTM3LjM2IiwiaWF0IjoxNTk3NDA0MzYyfQ.2TH5QlO-VW1dwcgX2M8iSQ7zjC2MqCh6355WKJoaHGM', '2020-09-14 11:26:02', 1),
	(32, 9, '2020-08-14 15:15:12', 'eyJhbGciOiJIUzI1NiIsInR5cCI6IkpXVCJ9.eyJyb2xlIjoidXNlciIsInVzZXJJZCI6OSwidXNlcm5hbWUiOiJib2JhbiIsImV4cCI6MTYwMDA4OTMxMi4xNzMsImlwIjoiOjoxIiwidWEiOiJNb3ppbGxhLzUuMCAoV2luZG93cyBOVCAxMC4wOyBXaW42NDsgeDY0KSBBcHBsZVdlYktpdC81MzcuMzYgKEtIVE1MLCBsaWtlIEdlY2tvKSBDaHJvbWUvODQuMC40MTQ3LjEyNSBTYWZhcmkvNTM3LjM2IiwiaWF0IjoxNTk3NDEwOTEyfQ.b3SiLnT4-ebMRAnAl68LMilnCcqjefsexbconZfbbHQ', '2020-09-14 13:15:12', 1),
	(33, 9, '2020-08-14 15:27:32', 'eyJhbGciOiJIUzI1NiIsInR5cCI6IkpXVCJ9.eyJyb2xlIjoidXNlciIsInVzZXJJZCI6OSwidXNlcm5hbWUiOiJib2JhbiIsImV4cCI6MTYwMDA5MDA1Mi43MjYsImlwIjoiOjoxIiwidWEiOiJNb3ppbGxhLzUuMCAoV2luZG93cyBOVCAxMC4wOyBXaW42NDsgeDY0KSBBcHBsZVdlYktpdC81MzcuMzYgKEtIVE1MLCBsaWtlIEdlY2tvKSBDaHJvbWUvODQuMC40MTQ3LjEyNSBTYWZhcmkvNTM3LjM2IiwiaWF0IjoxNTk3NDExNjUyfQ.Kc_5JLWXB2DsCyiosaci5ArGnyaVoctcOwC_bTnErIw', '2020-09-14 13:27:32', 1),
	(34, 9, '2020-08-14 15:57:32', 'eyJhbGciOiJIUzI1NiIsInR5cCI6IkpXVCJ9.eyJyb2xlIjoidXNlciIsInVzZXJJZCI6OSwidXNlcm5hbWUiOiJib2JhbiIsImV4cCI6MTYwMDA5MTg1Mi42NDUsImlwIjoiOjoxIiwidWEiOiJNb3ppbGxhLzUuMCAoV2luZG93cyBOVCAxMC4wOyBXaW42NDsgeDY0KSBBcHBsZVdlYktpdC81MzcuMzYgKEtIVE1MLCBsaWtlIEdlY2tvKSBDaHJvbWUvODQuMC40MTQ3LjEyNSBTYWZhcmkvNTM3LjM2IiwiaWF0IjoxNTk3NDEzNDUyfQ.yo9SsihPqOFmnMrqVjNqyPcQh6OZ7HC-Hh9G6gXksV0', '2020-09-14 13:57:32', 1),
	(35, 9, '2020-08-14 20:09:52', 'eyJhbGciOiJIUzI1NiIsInR5cCI6IkpXVCJ9.eyJyb2xlIjoidXNlciIsInVzZXJJZCI6OSwidXNlcm5hbWUiOiJib2JhbiIsImV4cCI6MTYwMDEwNjk5Mi4zMTYsImlwIjoiOjoxIiwidWEiOiJNb3ppbGxhLzUuMCAoV2luZG93cyBOVCAxMC4wOyBXaW42NDsgeDY0KSBBcHBsZVdlYktpdC81MzcuMzYgKEtIVE1MLCBsaWtlIEdlY2tvKSBDaHJvbWUvODQuMC40MTQ3LjEyNSBTYWZhcmkvNTM3LjM2IiwiaWF0IjoxNTk3NDI4NTkyfQ.yRLgwjxYIqdCet01tMmnNOWWMm4vGYMSSlj2QAvD7AE', '2020-09-14 18:09:52', 1),
	(36, 9, '2020-08-15 03:43:05', 'eyJhbGciOiJIUzI1NiIsInR5cCI6IkpXVCJ9.eyJyb2xlIjoidXNlciIsInVzZXJJZCI6OSwidXNlcm5hbWUiOiJib2JhbiIsImV4cCI6MTYwMDEzNDE4NS45NjIsImlwIjoiOjoxIiwidWEiOiJNb3ppbGxhLzUuMCAoV2luZG93cyBOVCAxMC4wOyBXaW42NDsgeDY0KSBBcHBsZVdlYktpdC81MzcuMzYgKEtIVE1MLCBsaWtlIEdlY2tvKSBDaHJvbWUvODQuMC40MTQ3LjEyNSBTYWZhcmkvNTM3LjM2IiwiaWF0IjoxNTk3NDU1Nzg1fQ.6Qvh_LvnEj338awIorgWHY1iEqVa30TF0liQsPWdYLA', '2020-09-15 01:43:05', 1),
	(37, 9, '2020-08-15 14:42:08', 'eyJhbGciOiJIUzI1NiIsInR5cCI6IkpXVCJ9.eyJyb2xlIjoidXNlciIsInVzZXJJZCI6OSwidXNlcm5hbWUiOiJib2JhbiIsImV4cCI6MTYwMDE3MzcyOC45ODEsImlwIjoiOjoxIiwidWEiOiJNb3ppbGxhLzUuMCAoV2luZG93cyBOVCAxMC4wOyBXaW42NDsgeDY0KSBBcHBsZVdlYktpdC81MzcuMzYgKEtIVE1MLCBsaWtlIEdlY2tvKSBDaHJvbWUvODQuMC40MTQ3LjEyNSBTYWZhcmkvNTM3LjM2IiwiaWF0IjoxNTk3NDk1MzI4fQ.i3JNmSJdBY3HtXFvwE8e0T0QXEXIuRbeZZKpZ_BHpvs', '2020-09-15 12:42:08', 1),
	(38, 9, '2020-08-15 15:58:21', 'eyJhbGciOiJIUzI1NiIsInR5cCI6IkpXVCJ9.eyJyb2xlIjoidXNlciIsInVzZXJJZCI6OSwidXNlcm5hbWUiOiJib2JhbiIsImV4cCI6MTYwMDE3ODMwMS4wNDgsImlwIjoiOjoxIiwidWEiOiJNb3ppbGxhLzUuMCAoV2luZG93cyBOVCAxMC4wOyBXaW42NDsgeDY0KSBBcHBsZVdlYktpdC81MzcuMzYgKEtIVE1MLCBsaWtlIEdlY2tvKSBDaHJvbWUvODQuMC40MTQ3LjEyNSBTYWZhcmkvNTM3LjM2IiwiaWF0IjoxNTk3NDk5OTAxfQ.7vZJaBFFF5au-fDtRzdw_k_sC3hQ5qJGdmPdOHCnDzk', '2020-09-15 13:58:21', 1),
	(39, 9, '2020-08-15 16:23:39', 'eyJhbGciOiJIUzI1NiIsInR5cCI6IkpXVCJ9.eyJyb2xlIjoidXNlciIsInVzZXJJZCI6OSwidXNlcm5hbWUiOiJib2JhbiIsImV4cCI6MTYwMDE3OTgxOS43NjUsImlwIjoiOjoxIiwidWEiOiJNb3ppbGxhLzUuMCAoV2luZG93cyBOVCAxMC4wOyBXaW42NDsgeDY0KSBBcHBsZVdlYktpdC81MzcuMzYgKEtIVE1MLCBsaWtlIEdlY2tvKSBDaHJvbWUvODQuMC40MTQ3LjEyNSBTYWZhcmkvNTM3LjM2IiwiaWF0IjoxNTk3NTAxNDE5fQ.kpqJVMS8jaNP6UT25j4gBp9uynfW5zNJw4nLq35hXog', '2020-09-15 14:23:39', 1),
	(40, 9, '2020-08-16 00:19:30', 'eyJhbGciOiJIUzI1NiIsInR5cCI6IkpXVCJ9.eyJyb2xlIjoidXNlciIsInVzZXJJZCI6OSwidXNlcm5hbWUiOiJib2JhbiIsImV4cCI6MTYwMDIwODM3MC4zMDksImlwIjoiOjoxIiwidWEiOiJNb3ppbGxhLzUuMCAoV2luZG93cyBOVCAxMC4wOyBXaW42NDsgeDY0KSBBcHBsZVdlYktpdC81MzcuMzYgKEtIVE1MLCBsaWtlIEdlY2tvKSBDaHJvbWUvODQuMC40MTQ3LjEyNSBTYWZhcmkvNTM3LjM2IiwiaWF0IjoxNTk3NTI5OTcwfQ.h3OwOEBz6iXzLkM5Z_VZzDx6VbPdPZfsbReCk0vTN6g', '2020-09-15 22:19:30', 1),
	(41, 9, '2020-08-16 01:03:02', 'eyJhbGciOiJIUzI1NiIsInR5cCI6IkpXVCJ9.eyJyb2xlIjoidXNlciIsInVzZXJJZCI6OSwidXNlcm5hbWUiOiJib2JhbiIsImV4cCI6MTYwMDIxMDk4Mi44MjYsImlwIjoiOjoxIiwidWEiOiJNb3ppbGxhLzUuMCAoV2luZG93cyBOVCAxMC4wOyBXaW42NDsgeDY0KSBBcHBsZVdlYktpdC81MzcuMzYgKEtIVE1MLCBsaWtlIEdlY2tvKSBDaHJvbWUvODQuMC40MTQ3LjEyNSBTYWZhcmkvNTM3LjM2IiwiaWF0IjoxNTk3NTMyNTgyfQ.leC4Miaa7lwnO9m5Do77EbJyabhfRqOe5JElG6zrqX0', '2020-09-15 23:03:02', 1),
	(42, 9, '2020-08-16 06:19:57', 'eyJhbGciOiJIUzI1NiIsInR5cCI6IkpXVCJ9.eyJyb2xlIjoidXNlciIsInVzZXJJZCI6OSwidXNlcm5hbWUiOiJib2JhbiIsImV4cCI6MTYwMDIyOTk5Ny4xNzMsImlwIjoiOjoxIiwidWEiOiJNb3ppbGxhLzUuMCAoV2luZG93cyBOVCAxMC4wOyBXaW42NDsgeDY0KSBBcHBsZVdlYktpdC81MzcuMzYgKEtIVE1MLCBsaWtlIEdlY2tvKSBDaHJvbWUvODQuMC40MTQ3LjEyNSBTYWZhcmkvNTM3LjM2IiwiaWF0IjoxNTk3NTUxNTk3fQ.1DczjG_U9RPcHO1CsxgbiN8Esld26Kqk9oqgycd2kSM', '2020-09-16 04:19:57', 1),
	(43, 9, '2020-08-16 06:28:49', 'eyJhbGciOiJIUzI1NiIsInR5cCI6IkpXVCJ9.eyJyb2xlIjoidXNlciIsInVzZXJJZCI6OSwidXNlcm5hbWUiOiJib2JhbiIsImV4cCI6MTYwMDIzMDUyOS43NDYsImlwIjoiOjoxIiwidWEiOiJNb3ppbGxhLzUuMCAoV2luZG93cyBOVCAxMC4wOyBXaW42NDsgeDY0KSBBcHBsZVdlYktpdC81MzcuMzYgKEtIVE1MLCBsaWtlIEdlY2tvKSBDaHJvbWUvODQuMC40MTQ3LjEyNSBTYWZhcmkvNTM3LjM2IiwiaWF0IjoxNTk3NTUyMTI5fQ.ITpXPNvwB1ztRy2BNqOL8Giof0l8HAPY3WtdMlzbmYs', '2020-09-16 04:28:49', 1),
	(44, 7, '2020-08-16 08:17:24', 'eyJhbGciOiJIUzI1NiIsInR5cCI6IkpXVCJ9.eyJyb2xlIjoidXNlciIsInVzZXJJZCI6NywidXNlcm5hbWUiOiJhZG1pbiIsImV4cCI6MTYwMDIzNzA0NC4xMTYsImlwIjoiOjoxIiwidWEiOiJNb3ppbGxhLzUuMCAoV2luZG93cyBOVCAxMC4wOyBXaW42NDsgeDY0KSBBcHBsZVdlYktpdC81MzcuMzYgKEtIVE1MLCBsaWtlIEdlY2tvKSBDaHJvbWUvODQuMC40MTQ3LjEyNSBTYWZhcmkvNTM3LjM2IiwiaWF0IjoxNTk3NTU4NjQ0fQ.v_U96eYHOHhSeAFxTTR-EJnJhqLXTd2VEFtCp4ouOrc', '2020-09-16 06:17:24', 1),
	(45, 7, '2020-08-16 08:33:31', 'eyJhbGciOiJIUzI1NiIsInR5cCI6IkpXVCJ9.eyJyb2xlIjoidXNlciIsInVzZXJJZCI6NywidXNlcm5hbWUiOiJhZG1pbiIsImV4cCI6MTYwMDIzODAxMS4wMSwiaXAiOiI6OjEiLCJ1YSI6Ik1vemlsbGEvNS4wIChXaW5kb3dzIE5UIDEwLjA7IFdpbjY0OyB4NjQpIEFwcGxlV2ViS2l0LzUzNy4zNiAoS0hUTUwsIGxpa2UgR2Vja28pIENocm9tZS84NC4wLjQxNDcuMTI1IFNhZmFyaS81MzcuMzYiLCJpYXQiOjE1OTc1NTk2MTF9.RXfBKD-Byrjk-nRbnPtKIMKxB6cE48xlPHlD85vFopQ', '2020-09-16 06:33:31', 1),
	(46, 7, '2020-08-16 08:53:59', 'eyJhbGciOiJIUzI1NiIsInR5cCI6IkpXVCJ9.eyJyb2xlIjoidXNlciIsInVzZXJJZCI6NywidXNlcm5hbWUiOiJhZG1pbiIsImV4cCI6MTYwMDIzOTIzOS42MjIsImlwIjoiOjoxIiwidWEiOiJNb3ppbGxhLzUuMCAoV2luZG93cyBOVCAxMC4wOyBXaW42NDsgeDY0KSBBcHBsZVdlYktpdC81MzcuMzYgKEtIVE1MLCBsaWtlIEdlY2tvKSBDaHJvbWUvODQuMC40MTQ3LjEyNSBTYWZhcmkvNTM3LjM2IiwiaWF0IjoxNTk3NTYwODM5fQ.Y5APY9-36WTgkAs21ca6_ZbfvJoPply5P9bzNqJTLbA', '2020-09-16 06:53:59', 1),
	(47, 9, '2020-08-16 09:53:29', 'eyJhbGciOiJIUzI1NiIsInR5cCI6IkpXVCJ9.eyJyb2xlIjoidXNlciIsInVzZXJJZCI6OSwidXNlcm5hbWUiOiJib2JhbiIsImV4cCI6MTYwMDI0MjgwOS4yNzgsImlwIjoiOjoxIiwidWEiOiJNb3ppbGxhLzUuMCAoV2luZG93cyBOVCAxMC4wOyBXaW42NDsgeDY0KSBBcHBsZVdlYktpdC81MzcuMzYgKEtIVE1MLCBsaWtlIEdlY2tvKSBDaHJvbWUvODQuMC40MTQ3LjEyNSBTYWZhcmkvNTM3LjM2IiwiaWF0IjoxNTk3NTY0NDA5fQ.1rioCVL0KrQoSguUTxYuucNn1twcZuOL2dV06CBvNu0', '2020-09-16 07:53:29', 1),
	(48, 7, '2020-08-17 09:04:44', 'eyJhbGciOiJIUzI1NiIsInR5cCI6IkpXVCJ9.eyJyb2xlIjoidXNlciIsInVzZXJJZCI6NywidXNlcm5hbWUiOiJhZG1pbiIsImV4cCI6MTYwMDMyNjI4NC4yNjYsImlwIjoiOjoxIiwidWEiOiJQb3N0bWFuUnVudGltZS83LjI2LjMiLCJpYXQiOjE1OTc2NDc4ODR9.7vvl9an9u9ZcBwXFkcZ0_bo8SldfsJcW0y7wJfTOK_U', '2020-09-17 07:04:44', 1),
	(49, 7, '2020-08-17 09:25:01', 'eyJhbGciOiJIUzI1NiIsInR5cCI6IkpXVCJ9.eyJyb2xlIjoidXNlciIsInVzZXJJZCI6NywidXNlcm5hbWUiOiJhZG1pbiIsImV4cCI6MTYwMDMyNzUwMS42MjcsImlwIjoiOjoxIiwidWEiOiJQb3N0bWFuUnVudGltZS83LjI2LjMiLCJpYXQiOjE1OTc2NDkxMDF9.H8fZX9FSFAkW47yaiHt9BUxS3z0CEwr_fGOcjHmF2V8', '2020-09-17 07:25:01', 1),
	(50, 9, '2020-08-17 19:20:12', 'eyJhbGciOiJIUzI1NiIsInR5cCI6IkpXVCJ9.eyJyb2xlIjoidXNlciIsInVzZXJJZCI6OSwidXNlcm5hbWUiOiJib2JhbiIsImV4cCI6MTYwMDM2MzIxMi4zNzEsImlwIjoiOjoxIiwidWEiOiJNb3ppbGxhLzUuMCAoV2luZG93cyBOVCAxMC4wOyBXaW42NDsgeDY0KSBBcHBsZVdlYktpdC81MzcuMzYgKEtIVE1MLCBsaWtlIEdlY2tvKSBDaHJvbWUvODQuMC40MTQ3LjEyNSBTYWZhcmkvNTM3LjM2IiwiaWF0IjoxNTk3Njg0ODEyfQ.PGUp6u8TvkpKNqd885mGmXWlsdIPUl9FZD6gPiUVfQU', '2020-09-17 17:20:12', 1),
	(51, 9, '2020-08-19 08:04:18', 'eyJhbGciOiJIUzI1NiIsInR5cCI6IkpXVCJ9.eyJyb2xlIjoidXNlciIsInVzZXJJZCI6OSwidXNlcm5hbWUiOiJib2JhbiIsImV4cCI6MTYwMDQ5NTQ1OC42MTgsImlwIjoiOjoxIiwidWEiOiJNb3ppbGxhLzUuMCAoV2luZG93cyBOVCAxMC4wOyBXaW42NDsgeDY0KSBBcHBsZVdlYktpdC81MzcuMzYgKEtIVE1MLCBsaWtlIEdlY2tvKSBDaHJvbWUvODQuMC40MTQ3LjEyNSBTYWZhcmkvNTM3LjM2IiwiaWF0IjoxNTk3ODE3MDU4fQ.DHSmH65Ng0jC_3elTK1uH8LJP6I2aPgXnN9FmjXB5f0', '2020-09-19 06:04:18', 1),
	(52, 9, '2020-08-19 21:22:13', 'eyJhbGciOiJIUzI1NiIsInR5cCI6IkpXVCJ9.eyJyb2xlIjoidXNlciIsInVzZXJJZCI6OSwidXNlcm5hbWUiOiJib2JhbiIsImV4cCI6MTYwMDU0MzMzMy4zODYsImlwIjoiOjoxIiwidWEiOiJNb3ppbGxhLzUuMCAoV2luZG93cyBOVCAxMC4wOyBXaW42NDsgeDY0KSBBcHBsZVdlYktpdC81MzcuMzYgKEtIVE1MLCBsaWtlIEdlY2tvKSBDaHJvbWUvODQuMC40MTQ3LjEyNSBTYWZhcmkvNTM3LjM2IiwiaWF0IjoxNTk3ODY0OTMzfQ.iqg-Dh9VZpFuhO6znuA2zLr2UL7JRo1ZHpepbrHI8Yo', '2020-09-19 19:22:13', 1),
	(54, 9, '2020-08-19 22:52:31', 'eyJhbGciOiJIUzI1NiIsInR5cCI6IkpXVCJ9.eyJyb2xlIjoidXNlciIsInVzZXJJZCI6OSwidXNlcm5hbWUiOiJib2JhbiIsImV4cCI6MTYwMDU0ODc1MS4wMTMsImlwIjoiOjoxIiwidWEiOiJNb3ppbGxhLzUuMCAoV2luZG93cyBOVCAxMC4wOyBXaW42NDsgeDY0KSBBcHBsZVdlYktpdC81MzcuMzYgKEtIVE1MLCBsaWtlIEdlY2tvKSBDaHJvbWUvODQuMC40MTQ3LjEyNSBTYWZhcmkvNTM3LjM2IiwiaWF0IjoxNTk3ODcwMzUxfQ.EOCGv0S5X_COYHdMZJjSurDR1jYlduA5bC-TLj8ENk0', '2020-09-19 20:52:31', 1),
	(55, 9, '2020-08-19 23:42:36', 'eyJhbGciOiJIUzI1NiIsInR5cCI6IkpXVCJ9.eyJyb2xlIjoidXNlciIsInVzZXJJZCI6OSwidXNlcm5hbWUiOiJib2JhbiIsImV4cCI6MTYwMDU1MTc1Ni43MzcsImlwIjoiOjoxIiwidWEiOiJNb3ppbGxhLzUuMCAoV2luZG93cyBOVCAxMC4wOyBXaW42NDsgeDY0KSBBcHBsZVdlYktpdC81MzcuMzYgKEtIVE1MLCBsaWtlIEdlY2tvKSBDaHJvbWUvODQuMC40MTQ3LjEyNSBTYWZhcmkvNTM3LjM2IiwiaWF0IjoxNTk3ODczMzU2fQ.ROKM6ATCi6kRBHeMi9Lxx04KN65FiUwdNLrFJoNRaXo', '2020-09-19 21:42:36', 1),
	(56, 9, '2020-08-19 23:42:47', 'eyJhbGciOiJIUzI1NiIsInR5cCI6IkpXVCJ9.eyJyb2xlIjoidXNlciIsInVzZXJJZCI6OSwidXNlcm5hbWUiOiJib2JhbiIsImV4cCI6MTYwMDU1MTc2Ny44NCwiaXAiOiI6OjEiLCJ1YSI6Ik1vemlsbGEvNS4wIChXaW5kb3dzIE5UIDEwLjA7IFdpbjY0OyB4NjQpIEFwcGxlV2ViS2l0LzUzNy4zNiAoS0hUTUwsIGxpa2UgR2Vja28pIENocm9tZS84NC4wLjQxNDcuMTI1IFNhZmFyaS81MzcuMzYiLCJpYXQiOjE1OTc4NzMzNjd9.Slqwb6n8EaagM3j_qqqN8NfM4k6wXVDXmELrvspl6No', '2020-09-19 21:42:47', 1),
	(59, 9, '2020-08-19 23:55:06', 'eyJhbGciOiJIUzI1NiIsInR5cCI6IkpXVCJ9.eyJyb2xlIjoidXNlciIsInVzZXJJZCI6OSwidXNlcm5hbWUiOiJib2JhbiIsImV4cCI6MTYwMDU1MjUwNi43MzksImlwIjoiOjoxIiwidWEiOiJNb3ppbGxhLzUuMCAoV2luZG93cyBOVCAxMC4wOyBXaW42NDsgeDY0KSBBcHBsZVdlYktpdC81MzcuMzYgKEtIVE1MLCBsaWtlIEdlY2tvKSBDaHJvbWUvODQuMC40MTQ3LjEyNSBTYWZhcmkvNTM3LjM2IiwiaWF0IjoxNTk3ODc0MTA2fQ.gxrTEn7yOwlhQdeSWaYFAuO09svRzNJp4S2_eVQmz98', '2020-09-19 21:55:06', 1),
	(60, 9, '2020-08-20 08:27:00', 'eyJhbGciOiJIUzI1NiIsInR5cCI6IkpXVCJ9.eyJyb2xlIjoidXNlciIsInVzZXJJZCI6OSwidXNlcm5hbWUiOiJib2JhbiIsImV4cCI6MTYwMDU4MzIyMC4yNTMsImlwIjoiOjoxIiwidWEiOiJNb3ppbGxhLzUuMCAoV2luZG93cyBOVCAxMC4wOyBXaW42NDsgeDY0KSBBcHBsZVdlYktpdC81MzcuMzYgKEtIVE1MLCBsaWtlIEdlY2tvKSBDaHJvbWUvODQuMC40MTQ3LjEyNSBTYWZhcmkvNTM3LjM2IiwiaWF0IjoxNTk3OTA0ODIwfQ.ANBFmPIzX5lt0NwfGp2iHzzxC42dDXB6IzxtmMDhu90', '2020-09-20 06:27:00', 1),
	(61, 9, '2020-08-20 08:47:36', 'eyJhbGciOiJIUzI1NiIsInR5cCI6IkpXVCJ9.eyJyb2xlIjoidXNlciIsInVzZXJJZCI6OSwidXNlcm5hbWUiOiJib2JhbiIsImV4cCI6MTYwMDU4NDQ1Ni44OSwiaXAiOiI6OjEiLCJ1YSI6Ik1vemlsbGEvNS4wIChXaW5kb3dzIE5UIDEwLjA7IFdpbjY0OyB4NjQpIEFwcGxlV2ViS2l0LzUzNy4zNiAoS0hUTUwsIGxpa2UgR2Vja28pIENocm9tZS84NC4wLjQxNDcuMTI1IFNhZmFyaS81MzcuMzYiLCJpYXQiOjE1OTc5MDYwNTZ9.JWP83E-kUZQNqiQs-npJ3jAPkgesTWTLhdAJPuGhF4U', '2020-09-20 06:47:36', 1),
	(62, 9, '2020-08-20 09:13:08', 'eyJhbGciOiJIUzI1NiIsInR5cCI6IkpXVCJ9.eyJyb2xlIjoidXNlciIsInVzZXJJZCI6OSwidXNlcm5hbWUiOiJib2JhbiIsImV4cCI6MTYwMDU4NTk4OC44NjIsImlwIjoiOjoxIiwidWEiOiJQb3N0bWFuUnVudGltZS83LjI2LjMiLCJpYXQiOjE1OTc5MDc1ODh9.sCqjl8z4aNo1aZ0gPSIIgqekeCX_eujYnvApxOvIi1c', '2020-09-20 07:13:08', 1),
	(63, 9, '2020-08-20 09:46:55', 'eyJhbGciOiJIUzI1NiIsInR5cCI6IkpXVCJ9.eyJyb2xlIjoidXNlciIsInVzZXJJZCI6OSwidXNlcm5hbWUiOiJib2JhbiIsImV4cCI6MTYwMDU4ODAxNS43MjEsImlwIjoiOjoxIiwidWEiOiJQb3N0bWFuUnVudGltZS83LjI2LjMiLCJpYXQiOjE1OTc5MDk2MTV9.g7S0eKUI9BRI63TVtyd33HpMHCSWVDX35sjKlXTkVqU', '2020-09-20 07:46:55', 1),
	(64, 9, '2020-08-20 13:03:49', 'eyJhbGciOiJIUzI1NiIsInR5cCI6IkpXVCJ9.eyJyb2xlIjoidXNlciIsInVzZXJJZCI6OSwidXNlcm5hbWUiOiJib2JhbiIsImV4cCI6MTYwMDU5OTgyOS45MDMsImlwIjoiOjoxIiwidWEiOiJNb3ppbGxhLzUuMCAoV2luZG93cyBOVCAxMC4wOyBXaW42NDsgeDY0KSBBcHBsZVdlYktpdC81MzcuMzYgKEtIVE1MLCBsaWtlIEdlY2tvKSBDaHJvbWUvODQuMC40MTQ3LjEzNSBTYWZhcmkvNTM3LjM2IiwiaWF0IjoxNTk3OTIxNDI5fQ.6_pn_0gOHthPWpMN9BTF08xKIViRzrftKdXg3_gFGjA', '2020-09-20 11:03:49', 1),
	(65, 9, '2020-08-20 13:31:38', 'eyJhbGciOiJIUzI1NiIsInR5cCI6IkpXVCJ9.eyJyb2xlIjoidXNlciIsInVzZXJJZCI6OSwidXNlcm5hbWUiOiJib2JhbiIsImV4cCI6MTYwMDYwMTQ5OC42NCwiaXAiOiI6OjEiLCJ1YSI6Ik1vemlsbGEvNS4wIChXaW5kb3dzIE5UIDEwLjA7IFdpbjY0OyB4NjQpIEFwcGxlV2ViS2l0LzUzNy4zNiAoS0hUTUwsIGxpa2UgR2Vja28pIENocm9tZS84NC4wLjQxNDcuMTM1IFNhZmFyaS81MzcuMzYiLCJpYXQiOjE1OTc5MjMwOTh9.kScp114cnUc8TIiHzsWqEDN64TnA0B-84BcIh8KKqIE', '2020-09-20 11:31:38', 1),
	(66, 9, '2020-08-20 13:33:44', 'eyJhbGciOiJIUzI1NiIsInR5cCI6IkpXVCJ9.eyJyb2xlIjoidXNlciIsInVzZXJJZCI6OSwidXNlcm5hbWUiOiJib2JhbiIsImV4cCI6MTYwMDYwMTYyNC4wNjEsImlwIjoiOjoxIiwidWEiOiJNb3ppbGxhLzUuMCAoV2luZG93cyBOVCAxMC4wOyBXaW42NDsgeDY0KSBBcHBsZVdlYktpdC81MzcuMzYgKEtIVE1MLCBsaWtlIEdlY2tvKSBDaHJvbWUvODQuMC40MTQ3LjEzNSBTYWZhcmkvNTM3LjM2IiwiaWF0IjoxNTk3OTIzMjI0fQ.aAMvu9wTzs7uMCMfLasl9WSrguefpzF2xdyBZprn3j8', '2020-09-20 11:33:44', 1),
	(67, 9, '2020-08-20 13:35:49', 'eyJhbGciOiJIUzI1NiIsInR5cCI6IkpXVCJ9.eyJyb2xlIjoidXNlciIsInVzZXJJZCI6OSwidXNlcm5hbWUiOiJib2JhbiIsImV4cCI6MTYwMDYwMTc0OS4zOCwiaXAiOiI6OjEiLCJ1YSI6Ik1vemlsbGEvNS4wIChXaW5kb3dzIE5UIDEwLjA7IFdpbjY0OyB4NjQpIEFwcGxlV2ViS2l0LzUzNy4zNiAoS0hUTUwsIGxpa2UgR2Vja28pIENocm9tZS84NC4wLjQxNDcuMTM1IFNhZmFyaS81MzcuMzYiLCJpYXQiOjE1OTc5MjMzNDl9.Q_tD3D4nvyI_eapUT-gOcUHVq_eDfJ3MaWFPHrth3A0', '2020-09-20 11:35:49', 1),
	(68, 9, '2020-08-20 13:50:27', 'eyJhbGciOiJIUzI1NiIsInR5cCI6IkpXVCJ9.eyJyb2xlIjoidXNlciIsInVzZXJJZCI6OSwidXNlcm5hbWUiOiJib2JhbiIsImV4cCI6MTYwMDYwMjYyNy4xMDgsImlwIjoiOjoxIiwidWEiOiJNb3ppbGxhLzUuMCAoV2luZG93cyBOVCAxMC4wOyBXaW42NDsgeDY0KSBBcHBsZVdlYktpdC81MzcuMzYgKEtIVE1MLCBsaWtlIEdlY2tvKSBDaHJvbWUvODQuMC40MTQ3LjEzNSBTYWZhcmkvNTM3LjM2IiwiaWF0IjoxNTk3OTI0MjI3fQ.yDySCvskCf3GX1lwIfTqntKnbWIJ-LiCBl11ytikF2U', '2020-09-20 11:50:27', 1),
	(69, 9, '2020-08-20 14:03:06', 'eyJhbGciOiJIUzI1NiIsInR5cCI6IkpXVCJ9.eyJyb2xlIjoidXNlciIsInVzZXJJZCI6OSwidXNlcm5hbWUiOiJib2JhbiIsImV4cCI6MTYwMDYwMzM4Ni44MjcsImlwIjoiOjoxIiwidWEiOiJNb3ppbGxhLzUuMCAoV2luZG93cyBOVCAxMC4wOyBXaW42NDsgeDY0KSBBcHBsZVdlYktpdC81MzcuMzYgKEtIVE1MLCBsaWtlIEdlY2tvKSBDaHJvbWUvODQuMC40MTQ3LjEyNSBTYWZhcmkvNTM3LjM2IiwiaWF0IjoxNTk3OTI0OTg2fQ.QubHRUzIkLXlx7CyC4jf_jAMyly5Fc3r3zmbPsxeyU0', '2020-09-20 12:03:06', 1),
	(70, 9, '2020-08-20 14:36:48', 'eyJhbGciOiJIUzI1NiIsInR5cCI6IkpXVCJ9.eyJyb2xlIjoidXNlciIsInVzZXJJZCI6OSwidXNlcm5hbWUiOiJib2JhbiIsImV4cCI6MTYwMDYwNTQwOC42MjcsImlwIjoiOjoxIiwidWEiOiJNb3ppbGxhLzUuMCAoV2luZG93cyBOVCAxMC4wOyBXaW42NDsgeDY0KSBBcHBsZVdlYktpdC81MzcuMzYgKEtIVE1MLCBsaWtlIEdlY2tvKSBDaHJvbWUvODQuMC40MTQ3LjEyNSBTYWZhcmkvNTM3LjM2IiwiaWF0IjoxNTk3OTI3MDA4fQ.YZa1oy6eDATumb0DrPD50E_gBsUt9b8Y4cx-xsl2US8', '2020-09-20 12:36:48', 1),
	(71, 9, '2020-08-20 14:43:45', 'eyJhbGciOiJIUzI1NiIsInR5cCI6IkpXVCJ9.eyJyb2xlIjoidXNlciIsInVzZXJJZCI6OSwidXNlcm5hbWUiOiJib2JhbiIsImV4cCI6MTYwMDYwNTgyNS4zMTEsImlwIjoiOjoxIiwidWEiOiJNb3ppbGxhLzUuMCAoV2luZG93cyBOVCAxMC4wOyBXaW42NDsgeDY0KSBBcHBsZVdlYktpdC81MzcuMzYgKEtIVE1MLCBsaWtlIEdlY2tvKSBDaHJvbWUvODQuMC40MTQ3LjEyNSBTYWZhcmkvNTM3LjM2IiwiaWF0IjoxNTk3OTI3NDI1fQ.LIX1N2suHfHKyc_PQeuJHLfV1qMmUMkgvXeASccMrr4', '2020-09-20 12:43:45', 1),
	(72, 9, '2020-08-20 14:49:50', 'eyJhbGciOiJIUzI1NiIsInR5cCI6IkpXVCJ9.eyJyb2xlIjoidXNlciIsInVzZXJJZCI6OSwidXNlcm5hbWUiOiJib2JhbiIsImV4cCI6MTYwMDYwNjE5MC45NzYsImlwIjoiOjoxIiwidWEiOiJNb3ppbGxhLzUuMCAoV2luZG93cyBOVCAxMC4wOyBXaW42NDsgeDY0KSBBcHBsZVdlYktpdC81MzcuMzYgKEtIVE1MLCBsaWtlIEdlY2tvKSBDaHJvbWUvODQuMC40MTQ3LjEyNSBTYWZhcmkvNTM3LjM2IiwiaWF0IjoxNTk3OTI3NzkwfQ.bTRJ9Q8FtiB8AyxOyUogax3UAZo_xyummMy5atSisGM', '2020-09-20 12:49:50', 1),
	(73, 9, '2020-08-20 15:24:59', 'eyJhbGciOiJIUzI1NiIsInR5cCI6IkpXVCJ9.eyJyb2xlIjoidXNlciIsInVzZXJJZCI6OSwidXNlcm5hbWUiOiJib2JhbiIsImV4cCI6MTYwMDYwODI5OS4wNTgsImlwIjoiOjoxIiwidWEiOiJNb3ppbGxhLzUuMCAoV2luZG93cyBOVCAxMC4wOyBXaW42NDsgeDY0KSBBcHBsZVdlYktpdC81MzcuMzYgKEtIVE1MLCBsaWtlIEdlY2tvKSBDaHJvbWUvODQuMC40MTQ3LjEzNSBTYWZhcmkvNTM3LjM2IiwiaWF0IjoxNTk3OTI5ODk5fQ.x9oTf9Fy8FVAzRWr7tC_qnDiu9cqyUqNfFDrGedb4RM', '2020-09-20 13:24:59', 1),
	(74, 9, '2020-08-20 15:25:33', 'eyJhbGciOiJIUzI1NiIsInR5cCI6IkpXVCJ9.eyJyb2xlIjoidXNlciIsInVzZXJJZCI6OSwidXNlcm5hbWUiOiJib2JhbiIsImV4cCI6MTYwMDYwODMzMy43MjUsImlwIjoiOjoxIiwidWEiOiJNb3ppbGxhLzUuMCAoV2luZG93cyBOVCAxMC4wOyBXaW42NDsgeDY0KSBBcHBsZVdlYktpdC81MzcuMzYgKEtIVE1MLCBsaWtlIEdlY2tvKSBDaHJvbWUvODQuMC40MTQ3LjEzNSBTYWZhcmkvNTM3LjM2IiwiaWF0IjoxNTk3OTI5OTMzfQ.YTpHZfIzJ5P2Hzc1cm8JmocMVVZM3qHDFFIkbDJpejg', '2020-09-20 13:25:33', 1),
	(75, 9, '2020-08-20 15:28:12', 'eyJhbGciOiJIUzI1NiIsInR5cCI6IkpXVCJ9.eyJyb2xlIjoidXNlciIsInVzZXJJZCI6OSwidXNlcm5hbWUiOiJib2JhbiIsImV4cCI6MTYwMDYwODQ5Mi4yOTYsImlwIjoiOjoxIiwidWEiOiJNb3ppbGxhLzUuMCAoV2luZG93cyBOVCAxMC4wOyBXaW42NDsgeDY0KSBBcHBsZVdlYktpdC81MzcuMzYgKEtIVE1MLCBsaWtlIEdlY2tvKSBDaHJvbWUvODQuMC40MTQ3LjEzNSBTYWZhcmkvNTM3LjM2IiwiaWF0IjoxNTk3OTMwMDkyfQ.scjLd7RNjpbqnFR8YLhm-54Rg0P3lbhZkxKhMFOmgg8', '2020-09-20 13:28:12', 1),
	(76, 9, '2020-08-20 15:39:33', 'eyJhbGciOiJIUzI1NiIsInR5cCI6IkpXVCJ9.eyJyb2xlIjoidXNlciIsInVzZXJJZCI6OSwidXNlcm5hbWUiOiJib2JhbiIsImV4cCI6MTYwMDYwOTE3My45NzEsImlwIjoiOjoxIiwidWEiOiJNb3ppbGxhLzUuMCAoV2luZG93cyBOVCAxMC4wOyBXaW42NDsgeDY0KSBBcHBsZVdlYktpdC81MzcuMzYgKEtIVE1MLCBsaWtlIEdlY2tvKSBDaHJvbWUvODQuMC40MTQ3LjEzNSBTYWZhcmkvNTM3LjM2IiwiaWF0IjoxNTk3OTMwNzczfQ.qCLXdfPpShHOzyEqzrCYuYSAHl3HupMcI5nQzSVCdHg', '2020-09-20 13:39:33', 1),
	(77, 9, '2020-08-20 18:00:56', 'eyJhbGciOiJIUzI1NiIsInR5cCI6IkpXVCJ9.eyJyb2xlIjoidXNlciIsInVzZXJJZCI6OSwidXNlcm5hbWUiOiJib2JhbiIsImV4cCI6MTYwMDYxNzY1Ni4wNTcsImlwIjoiOjoxIiwidWEiOiJNb3ppbGxhLzUuMCAoV2luZG93cyBOVCAxMC4wOyBXaW42NDsgeDY0KSBBcHBsZVdlYktpdC81MzcuMzYgKEtIVE1MLCBsaWtlIEdlY2tvKSBDaHJvbWUvODQuMC40MTQ3LjEyNSBTYWZhcmkvNTM3LjM2IiwiaWF0IjoxNTk3OTM5MjU2fQ.FbxQifTUZosP5y1HPDGJ6E9ogz6FFAf3QeK3XMwzpH0', '2020-09-20 16:00:56', 1),
	(78, 9, '2020-08-20 18:45:15', 'eyJhbGciOiJIUzI1NiIsInR5cCI6IkpXVCJ9.eyJyb2xlIjoidXNlciIsInVzZXJJZCI6OSwidXNlcm5hbWUiOiJib2JhbiIsImV4cCI6MTYwMDYyMDMxNS4xMjMsImlwIjoiOjoxIiwidWEiOiJNb3ppbGxhLzUuMCAoV2luZG93cyBOVCAxMC4wOyBXaW42NDsgeDY0KSBBcHBsZVdlYktpdC81MzcuMzYgKEtIVE1MLCBsaWtlIEdlY2tvKSBDaHJvbWUvODQuMC40MTQ3LjEzNSBTYWZhcmkvNTM3LjM2IiwiaWF0IjoxNTk3OTQxOTE1fQ.kCCmmRZCfPjFWB29JsZe3X3UTzNsHWIM2jXRLkl6OdE', '2020-09-20 16:45:15', 1),
	(79, 9, '2020-08-20 18:53:11', 'eyJhbGciOiJIUzI1NiIsInR5cCI6IkpXVCJ9.eyJyb2xlIjoidXNlciIsInVzZXJJZCI6OSwidXNlcm5hbWUiOiJib2JhbiIsImV4cCI6MTYwMDYyMDc5MS43NDIsImlwIjoiOjoxIiwidWEiOiJNb3ppbGxhLzUuMCAoV2luZG93cyBOVCAxMC4wOyBXaW42NDsgeDY0KSBBcHBsZVdlYktpdC81MzcuMzYgKEtIVE1MLCBsaWtlIEdlY2tvKSBDaHJvbWUvODQuMC40MTQ3LjEzNSBTYWZhcmkvNTM3LjM2IiwiaWF0IjoxNTk3OTQyMzkxfQ.0h28ZfFcUi3GCkKqLt4FdHhsJgXS7PqKq86htIRF26k', '2020-09-20 16:53:11', 1),
	(80, 9, '2020-08-20 18:56:13', 'eyJhbGciOiJIUzI1NiIsInR5cCI6IkpXVCJ9.eyJyb2xlIjoidXNlciIsInVzZXJJZCI6OSwidXNlcm5hbWUiOiJib2JhbiIsImV4cCI6MTYwMDYyMDk3My45OTIsImlwIjoiOjoxIiwidWEiOiJNb3ppbGxhLzUuMCAoV2luZG93cyBOVCAxMC4wOyBXaW42NDsgeDY0KSBBcHBsZVdlYktpdC81MzcuMzYgKEtIVE1MLCBsaWtlIEdlY2tvKSBDaHJvbWUvODQuMC40MTQ3LjEyNSBTYWZhcmkvNTM3LjM2IiwiaWF0IjoxNTk3OTQyNTczfQ.CylO2S1LnQq7ckOxK8814GQHBw808mVg1K46M4TBkYY', '2020-09-20 16:56:13', 1),
	(81, 9, '2020-08-20 20:41:07', 'eyJhbGciOiJIUzI1NiIsInR5cCI6IkpXVCJ9.eyJyb2xlIjoidXNlciIsInVzZXJJZCI6OSwidXNlcm5hbWUiOiJib2JhbiIsImV4cCI6MTYwMDYyNzI2Ny4wNDksImlwIjoiOjoxIiwidWEiOiJNb3ppbGxhLzUuMCAoV2luZG93cyBOVCAxMC4wOyBXaW42NDsgeDY0KSBBcHBsZVdlYktpdC81MzcuMzYgKEtIVE1MLCBsaWtlIEdlY2tvKSBDaHJvbWUvODQuMC40MTQ3LjEzNSBTYWZhcmkvNTM3LjM2IiwiaWF0IjoxNTk3OTQ4ODY3fQ.nvrfGFNYJgm9TCqJuS_esUrtIBv8FI99GiaZNhRfsZY', '2020-09-20 18:41:07', 1),
	(82, 9, '2020-08-20 20:44:08', 'eyJhbGciOiJIUzI1NiIsInR5cCI6IkpXVCJ9.eyJyb2xlIjoidXNlciIsInVzZXJJZCI6OSwidXNlcm5hbWUiOiJib2JhbiIsImV4cCI6MTYwMDYyNzQ0OC4wOCwiaXAiOiI6OjEiLCJ1YSI6Ik1vemlsbGEvNS4wIChXaW5kb3dzIE5UIDEwLjA7IFdpbjY0OyB4NjQpIEFwcGxlV2ViS2l0LzUzNy4zNiAoS0hUTUwsIGxpa2UgR2Vja28pIENocm9tZS84NC4wLjQxNDcuMTM1IFNhZmFyaS81MzcuMzYiLCJpYXQiOjE1OTc5NDkwNDh9.wynkvlBL0KGUrh7P8cyqaP3GeuyswI83IOXN6dwu33A', '2020-09-20 18:44:08', 1),
	(83, 9, '2020-08-22 00:07:37', 'eyJhbGciOiJIUzI1NiIsInR5cCI6IkpXVCJ9.eyJyb2xlIjoidXNlciIsInVzZXJJZCI6OSwidXNlcm5hbWUiOiJib2JhbiIsImV4cCI6MTYwMDcyNjA1Ny44NzMsImlwIjoiOjoxIiwidWEiOiJNb3ppbGxhLzUuMCAoV2luZG93cyBOVCAxMC4wOyBXaW42NDsgeDY0KSBBcHBsZVdlYktpdC81MzcuMzYgKEtIVE1MLCBsaWtlIEdlY2tvKSBDaHJvbWUvODQuMC40MTQ3LjEzNSBTYWZhcmkvNTM3LjM2IiwiaWF0IjoxNTk4MDQ3NjU3fQ.ustvaE20uF6BaAvZoY3vx5QV3UCXwKQFWJhMYqQ-ffA', '2020-09-21 22:07:37', 1),
	(84, 9, '2020-08-22 02:07:19', 'eyJhbGciOiJIUzI1NiIsInR5cCI6IkpXVCJ9.eyJyb2xlIjoidXNlciIsInVzZXJJZCI6OSwidXNlcm5hbWUiOiJib2JhbiIsImV4cCI6MTYwMDczMzIzOS44MDcsImlwIjoiOjoxIiwidWEiOiJNb3ppbGxhLzUuMCAoV2luZG93cyBOVCAxMC4wOyBXaW42NDsgeDY0KSBBcHBsZVdlYktpdC81MzcuMzYgKEtIVE1MLCBsaWtlIEdlY2tvKSBDaHJvbWUvODQuMC40MTQ3LjEzNSBTYWZhcmkvNTM3LjM2IiwiaWF0IjoxNTk4MDU0ODM5fQ.wdeiiih8YjgobSA7p71pwRBlRwMRfFXnRuiJCW_nhKM', '2020-09-22 00:07:19', 1),
	(85, 9, '2020-08-22 03:13:56', 'eyJhbGciOiJIUzI1NiIsInR5cCI6IkpXVCJ9.eyJyb2xlIjoidXNlciIsInVzZXJJZCI6OSwidXNlcm5hbWUiOiJib2JhbiIsImV4cCI6MTYwMDczNzIzNi42NDYsImlwIjoiOjoxIiwidWEiOiJNb3ppbGxhLzUuMCAoV2luZG93cyBOVCAxMC4wOyBXaW42NDsgeDY0KSBBcHBsZVdlYktpdC81MzcuMzYgKEtIVE1MLCBsaWtlIEdlY2tvKSBDaHJvbWUvODQuMC40MTQ3LjEzNSBTYWZhcmkvNTM3LjM2IiwiaWF0IjoxNTk4MDU4ODM2fQ.DELUqawnAp584JfuWCqGUboFP2NxvLO-ZEiMqcn1H-Y', '2020-09-22 01:13:56', 1),
	(86, 9, '2020-08-22 10:52:42', 'eyJhbGciOiJIUzI1NiIsInR5cCI6IkpXVCJ9.eyJyb2xlIjoidXNlciIsInVzZXJJZCI6OSwidXNlcm5hbWUiOiJib2JhbiIsImV4cCI6MTYwMDc2NDc2Mi40MTMsImlwIjoiOjoxIiwidWEiOiJNb3ppbGxhLzUuMCAoV2luZG93cyBOVCAxMC4wOyBXaW42NDsgeDY0KSBBcHBsZVdlYktpdC81MzcuMzYgKEtIVE1MLCBsaWtlIEdlY2tvKSBDaHJvbWUvODQuMC40MTQ3LjEzNSBTYWZhcmkvNTM3LjM2IiwiaWF0IjoxNTk4MDg2MzYyfQ.h1tHyBGsokoX5fe4MSDtTD3O3mNE8qjj1Ir2anJrFvI', '2020-09-22 08:52:42', 1),
	(87, 9, '2020-08-22 12:54:36', 'eyJhbGciOiJIUzI1NiIsInR5cCI6IkpXVCJ9.eyJyb2xlIjoidXNlciIsInVzZXJJZCI6OSwidXNlcm5hbWUiOiJib2JhbiIsImV4cCI6MTYwMDc3MjA3Ni40ODgsImlwIjoiOjoxIiwidWEiOiJNb3ppbGxhLzUuMCAoV2luZG93cyBOVCAxMC4wOyBXaW42NDsgeDY0KSBBcHBsZVdlYktpdC81MzcuMzYgKEtIVE1MLCBsaWtlIEdlY2tvKSBDaHJvbWUvODQuMC40MTQ3LjEzNSBTYWZhcmkvNTM3LjM2IiwiaWF0IjoxNTk4MDkzNjc2fQ.tBUUMh0VMu2NjWIorZ5BXRX3MvaqlHQddJYpx3gDrDo', '2020-09-22 10:54:36', 1),
	(88, 9, '2020-08-22 13:44:45', 'eyJhbGciOiJIUzI1NiIsInR5cCI6IkpXVCJ9.eyJyb2xlIjoidXNlciIsInVzZXJJZCI6OSwidXNlcm5hbWUiOiJib2JhbiIsImV4cCI6MTYwMDc3NTA4NS40NzMsImlwIjoiOjoxIiwidWEiOiJNb3ppbGxhLzUuMCAoV2luZG93cyBOVCAxMC4wOyBXaW42NDsgeDY0KSBBcHBsZVdlYktpdC81MzcuMzYgKEtIVE1MLCBsaWtlIEdlY2tvKSBDaHJvbWUvODQuMC40MTQ3LjEzNSBTYWZhcmkvNTM3LjM2IiwiaWF0IjoxNTk4MDk2Njg1fQ.mh42N4H-WrJMF_5CYix9rZRXssZY_15Ar4lw-7xnoMs', '2020-09-22 11:44:45', 1),
	(89, 9, '2020-08-22 13:46:52', 'eyJhbGciOiJIUzI1NiIsInR5cCI6IkpXVCJ9.eyJyb2xlIjoidXNlciIsInVzZXJJZCI6OSwidXNlcm5hbWUiOiJib2JhbiIsImV4cCI6MTYwMDc3NTIxMi4wODEsImlwIjoiOjoxIiwidWEiOiJNb3ppbGxhLzUuMCAoV2luZG93cyBOVCAxMC4wOyBXaW42NDsgeDY0KSBBcHBsZVdlYktpdC81MzcuMzYgKEtIVE1MLCBsaWtlIEdlY2tvKSBDaHJvbWUvODQuMC40MTQ3LjEzNSBTYWZhcmkvNTM3LjM2IiwiaWF0IjoxNTk4MDk2ODEyfQ.PYG8LDkcz6472Y4aOnIwq4UrHLv8jswWayouQGZ-e_E', '2020-09-22 11:46:52', 1),
	(90, 9, '2020-08-22 15:00:12', 'eyJhbGciOiJIUzI1NiIsInR5cCI6IkpXVCJ9.eyJyb2xlIjoidXNlciIsInVzZXJJZCI6OSwidXNlcm5hbWUiOiJib2JhbiIsImV4cCI6MTYwMDc3OTYxMi43MTUsImlwIjoiOjoxIiwidWEiOiJNb3ppbGxhLzUuMCAoV2luZG93cyBOVCAxMC4wOyBXaW42NDsgeDY0KSBBcHBsZVdlYktpdC81MzcuMzYgKEtIVE1MLCBsaWtlIEdlY2tvKSBDaHJvbWUvODQuMC40MTQ3LjEzNSBTYWZhcmkvNTM3LjM2IiwiaWF0IjoxNTk4MTAxMjEyfQ.bx96LEZtSG9hy33YTSMMX4FEaB3Btfky1VJa0LtpRuk', '2020-09-22 13:00:12', 1),
	(91, 9, '2020-08-22 20:35:53', 'eyJhbGciOiJIUzI1NiIsInR5cCI6IkpXVCJ9.eyJyb2xlIjoidXNlciIsInVzZXJJZCI6OSwidXNlcm5hbWUiOiJib2JhbiIsImV4cCI6MTYwMDc5OTc1My4xMTksImlwIjoiOjoxIiwidWEiOiJNb3ppbGxhLzUuMCAoV2luZG93cyBOVCAxMC4wOyBXaW42NDsgeDY0KSBBcHBsZVdlYktpdC81MzcuMzYgKEtIVE1MLCBsaWtlIEdlY2tvKSBDaHJvbWUvODQuMC40MTQ3LjEzNSBTYWZhcmkvNTM3LjM2IiwiaWF0IjoxNTk4MTIxMzUzfQ.6qyJSwMvj-sv2Ni3YD7OE6CA3fonponWAG47mKTp2-k', '2020-09-22 18:35:53', 1),
	(92, 9, '2020-08-22 20:59:40', 'eyJhbGciOiJIUzI1NiIsInR5cCI6IkpXVCJ9.eyJyb2xlIjoidXNlciIsInVzZXJJZCI6OSwidXNlcm5hbWUiOiJib2JhbiIsImV4cCI6MTYwMDgwMTE4MC4yNDIsImlwIjoiOjoxIiwidWEiOiJNb3ppbGxhLzUuMCAoV2luZG93cyBOVCAxMC4wOyBXaW42NDsgeDY0KSBBcHBsZVdlYktpdC81MzcuMzYgKEtIVE1MLCBsaWtlIEdlY2tvKSBDaHJvbWUvODQuMC40MTQ3LjEzNSBTYWZhcmkvNTM3LjM2IiwiaWF0IjoxNTk4MTIyNzgwfQ.c49PG0nJ1-_Rl1VmjJ8eIsPIAmiJMzAeTRxAL5B-LPQ', '2020-09-22 18:59:40', 1),
	(93, 9, '2020-08-22 21:15:12', 'eyJhbGciOiJIUzI1NiIsInR5cCI6IkpXVCJ9.eyJyb2xlIjoidXNlciIsInVzZXJJZCI6OSwidXNlcm5hbWUiOiJib2JhbiIsImV4cCI6MTYwMDgwMjExMi4wNjYsImlwIjoiOjoxIiwidWEiOiJNb3ppbGxhLzUuMCAoV2luZG93cyBOVCAxMC4wOyBXaW42NDsgeDY0KSBBcHBsZVdlYktpdC81MzcuMzYgKEtIVE1MLCBsaWtlIEdlY2tvKSBDaHJvbWUvODQuMC40MTQ3LjEzNSBTYWZhcmkvNTM3LjM2IiwiaWF0IjoxNTk4MTIzNzEyfQ._BxBtft_Y4FAHh--G0CRpTenTBYHTPmAkPTkomr3F9Q', '2020-09-22 19:15:12', 1),
	(94, 9, '2020-08-22 21:33:45', 'eyJhbGciOiJIUzI1NiIsInR5cCI6IkpXVCJ9.eyJyb2xlIjoidXNlciIsInVzZXJJZCI6OSwidXNlcm5hbWUiOiJib2JhbiIsImV4cCI6MTYwMDgwMzIyNS4wMDIsImlwIjoiOjoxIiwidWEiOiJNb3ppbGxhLzUuMCAoV2luZG93cyBOVCAxMC4wOyBXaW42NDsgeDY0KSBBcHBsZVdlYktpdC81MzcuMzYgKEtIVE1MLCBsaWtlIEdlY2tvKSBDaHJvbWUvODQuMC40MTQ3LjEzNSBTYWZhcmkvNTM3LjM2IiwiaWF0IjoxNTk4MTI0ODI1fQ.cn645Cn70hl21zssZUZtCcSmhIU4O_EFl5n90hvI0rg', '2020-09-22 19:33:45', 1),
	(95, 9, '2020-08-22 23:22:39', 'eyJhbGciOiJIUzI1NiIsInR5cCI6IkpXVCJ9.eyJyb2xlIjoidXNlciIsInVzZXJJZCI6OSwidXNlcm5hbWUiOiJib2JhbiIsImV4cCI6MTYwMDgwOTc1OS42NDgsImlwIjoiOjoxIiwidWEiOiJNb3ppbGxhLzUuMCAoV2luZG93cyBOVCAxMC4wOyBXaW42NDsgeDY0KSBBcHBsZVdlYktpdC81MzcuMzYgKEtIVE1MLCBsaWtlIEdlY2tvKSBDaHJvbWUvODQuMC40MTQ3LjEzNSBTYWZhcmkvNTM3LjM2IiwiaWF0IjoxNTk4MTMxMzU5fQ.cB4r5hBIRj6T_uvBZqcVCabk0Bwa6LWFpNx8ocAO154', '2020-09-22 21:22:39', 1),
	(96, 9, '2020-08-22 23:35:44', 'eyJhbGciOiJIUzI1NiIsInR5cCI6IkpXVCJ9.eyJyb2xlIjoidXNlciIsInVzZXJJZCI6OSwidXNlcm5hbWUiOiJib2JhbiIsImV4cCI6MTYwMDgxMDU0NC4wODEsImlwIjoiOjoxIiwidWEiOiJNb3ppbGxhLzUuMCAoV2luZG93cyBOVCAxMC4wOyBXaW42NDsgeDY0KSBBcHBsZVdlYktpdC81MzcuMzYgKEtIVE1MLCBsaWtlIEdlY2tvKSBDaHJvbWUvODQuMC40MTQ3LjEzNSBTYWZhcmkvNTM3LjM2IiwiaWF0IjoxNTk4MTMyMTQ0fQ.BqRr-Z9-l2gsUsenq9TXr3fOS9k0jrdZYrv9zGVDh-k', '2020-09-22 21:35:44', 1),
	(97, 9, '2020-08-22 23:44:38', 'eyJhbGciOiJIUzI1NiIsInR5cCI6IkpXVCJ9.eyJyb2xlIjoidXNlciIsInVzZXJJZCI6OSwidXNlcm5hbWUiOiJib2JhbiIsImV4cCI6MTYwMDgxMTA3OC4yMDksImlwIjoiOjoxIiwidWEiOiJNb3ppbGxhLzUuMCAoV2luZG93cyBOVCAxMC4wOyBXaW42NDsgeDY0KSBBcHBsZVdlYktpdC81MzcuMzYgKEtIVE1MLCBsaWtlIEdlY2tvKSBDaHJvbWUvODQuMC40MTQ3LjEzNSBTYWZhcmkvNTM3LjM2IiwiaWF0IjoxNTk4MTMyNjc4fQ.dgxishcCfrKyDVqwjUZY-ywbzSUyV20PACCclqBwy1k', '2020-09-22 21:44:38', 1),
	(99, 9, '2020-08-24 10:20:11', 'eyJhbGciOiJIUzI1NiIsInR5cCI6IkpXVCJ9.eyJyb2xlIjoidXNlciIsInVzZXJJZCI6OSwidXNlcm5hbWUiOiJib2JhbiIsImV4cCI6MTYwMDkzNTYxMS40MDksImlwIjoiOjoxIiwidWEiOiJNb3ppbGxhLzUuMCAoV2luZG93cyBOVCAxMC4wOyBXaW42NDsgeDY0KSBBcHBsZVdlYktpdC81MzcuMzYgKEtIVE1MLCBsaWtlIEdlY2tvKSBDaHJvbWUvODQuMC40MTQ3LjEzNSBTYWZhcmkvNTM3LjM2IiwiaWF0IjoxNTk4MjU3MjExfQ.OoPuWmTVq_zCayG3n0YvXBKI9xGlnYQaYkxdiu1-n-s', '2020-09-24 08:20:11', 1),
	(100, 9, '2020-08-24 10:28:21', 'eyJhbGciOiJIUzI1NiIsInR5cCI6IkpXVCJ9.eyJyb2xlIjoidXNlciIsInVzZXJJZCI6OSwidXNlcm5hbWUiOiJib2JhbiIsImV4cCI6MTYwMDkzNjEwMS4xNTMsImlwIjoiOjoxIiwidWEiOiJNb3ppbGxhLzUuMCAoTGludXg7IEFuZHJvaWQgNi4wOyBOZXh1cyA1IEJ1aWxkL01SQTU4TikgQXBwbGVXZWJLaXQvNTM3LjM2IChLSFRNTCwgbGlrZSBHZWNrbykgQ2hyb21lLzg0LjAuNDE0Ny4xMzUgTW9iaWxlIFNhZmFyaS81MzcuMzYiLCJpYXQiOjE1OTgyNTc3MDF9.x3_v18KjFTpx3u5RtS5LW9up97-F2nSZBPAcpu5LcnI', '2020-09-24 08:28:21', 1),
	(101, 7, '2020-08-24 10:30:13', 'eyJhbGciOiJIUzI1NiIsInR5cCI6IkpXVCJ9.eyJyb2xlIjoidXNlciIsInVzZXJJZCI6NywidXNlcm5hbWUiOiJhZG1pbiIsImV4cCI6MTYwMDkzNjIxMy43OTksImlwIjoiOjoxIiwidWEiOiJNb3ppbGxhLzUuMCAoV2luZG93cyBOVCAxMC4wOyBXaW42NDsgeDY0KSBBcHBsZVdlYktpdC81MzcuMzYgKEtIVE1MLCBsaWtlIEdlY2tvKSBDaHJvbWUvODQuMC40MTQ3LjEzNSBTYWZhcmkvNTM3LjM2IiwiaWF0IjoxNTk4MjU3ODEzfQ._j6wRVpRLSauz2osKU9hv376N5YAA7Rakr7Vgdr2rPY', '2020-09-24 08:30:13', 1),
	(102, 9, '2020-08-24 19:44:43', 'eyJhbGciOiJIUzI1NiIsInR5cCI6IkpXVCJ9.eyJyb2xlIjoidXNlciIsInVzZXJJZCI6OSwidXNlcm5hbWUiOiJib2JhbiIsImV4cCI6MTYwMDk2OTQ4My40OTMsImlwIjoiOjoxIiwidWEiOiJNb3ppbGxhLzUuMCAoV2luZG93cyBOVCAxMC4wOyBXaW42NDsgeDY0KSBBcHBsZVdlYktpdC81MzcuMzYgKEtIVE1MLCBsaWtlIEdlY2tvKSBDaHJvbWUvODQuMC40MTQ3LjEzNSBTYWZhcmkvNTM3LjM2IiwiaWF0IjoxNTk4MjkxMDgzfQ.jYpvvIKHb_L5exD42cw28KE7rvjn59jn2ynn8IM1jv8', '2020-09-24 17:44:43', 1),
	(103, 9, '2020-08-27 15:04:24', 'eyJhbGciOiJIUzI1NiIsInR5cCI6IkpXVCJ9.eyJyb2xlIjoidXNlciIsInVzZXJJZCI6OSwidXNlcm5hbWUiOiJib2JhbiIsImV4cCI6MTYwMTIxMTg2NC41MzgsImlwIjoiOjoxIiwidWEiOiJQb3N0bWFuUnVudGltZS83LjI2LjMiLCJpYXQiOjE1OTg1MzM0NjR9.xtkmZBndIRlGdWUJbjLQoG-RzLJkRYVcQ9TzK2AIRJA', '2020-09-27 13:04:24', 1),
	(104, 9, '2020-08-27 15:13:09', 'eyJhbGciOiJIUzI1NiIsInR5cCI6IkpXVCJ9.eyJyb2xlIjoidXNlciIsInVzZXJJZCI6OSwidXNlcm5hbWUiOiJib2JhbiIsImV4cCI6MTYwMTIxMjM4OS41ODQsImlwIjoiOjoxIiwidWEiOiJQb3N0bWFuUnVudGltZS83LjI2LjMiLCJpYXQiOjE1OTg1MzM5ODl9.hS2NSAenH9AHEK7EUoEXXXL_0D0tPCOtURh4ttpg9oA', '2020-09-27 13:13:09', 1),
	(105, 9, '2020-08-27 15:32:20', 'eyJhbGciOiJIUzI1NiIsInR5cCI6IkpXVCJ9.eyJyb2xlIjoidXNlciIsInVzZXJJZCI6OSwidXNlcm5hbWUiOiJib2JhbiIsImV4cCI6MTYwMTIxMzU0MC44MjEsImlwIjoiOjoxIiwidWEiOiJNb3ppbGxhLzUuMCAoV2luZG93cyBOVCAxMC4wOyBXaW42NDsgeDY0KSBBcHBsZVdlYktpdC81MzcuMzYgKEtIVE1MLCBsaWtlIEdlY2tvKSBDaHJvbWUvODUuMC40MTgzLjgzIFNhZmFyaS81MzcuMzYiLCJpYXQiOjE1OTg1MzUxNDB9.4bhLzKrQ57ubg5EZrCj37Nufi4ds2hKqW0Ci4G1xXe4', '2020-09-27 13:32:20', 1),
	(106, 9, '2020-08-27 16:51:26', 'eyJhbGciOiJIUzI1NiIsInR5cCI6IkpXVCJ9.eyJyb2xlIjoidXNlciIsInVzZXJJZCI6OSwidXNlcm5hbWUiOiJib2JhbiIsImV4cCI6MTYwMTIxODI4Ni43NTQsImlwIjoiOjoxIiwidWEiOiJNb3ppbGxhLzUuMCAoV2luZG93cyBOVCAxMC4wOyBXaW42NDsgeDY0KSBBcHBsZVdlYktpdC81MzcuMzYgKEtIVE1MLCBsaWtlIEdlY2tvKSBDaHJvbWUvODUuMC40MTgzLjgzIFNhZmFyaS81MzcuMzYiLCJpYXQiOjE1OTg1Mzk4ODZ9.lyzv5AaUFbvPwvAlK41LmAEmSmQ_WJz2v6JrjhIHTps', '2020-09-27 14:51:26', 1),
	(107, 9, '2020-08-27 16:53:38', 'eyJhbGciOiJIUzI1NiIsInR5cCI6IkpXVCJ9.eyJyb2xlIjoidXNlciIsInVzZXJJZCI6OSwidXNlcm5hbWUiOiJib2JhbiIsImV4cCI6MTYwMTIxODQxOC4xNDMsImlwIjoiOjoxIiwidWEiOiJNb3ppbGxhLzUuMCAoTGludXg7IEFuZHJvaWQgNi4wOyBOZXh1cyA1IEJ1aWxkL01SQTU4TikgQXBwbGVXZWJLaXQvNTM3LjM2IChLSFRNTCwgbGlrZSBHZWNrbykgQ2hyb21lLzg1LjAuNDE4My44MyBNb2JpbGUgU2FmYXJpLzUzNy4zNiIsImlhdCI6MTU5ODU0MDAxOH0.0_MpCEtoQegjv9jInrSPR7XOeJa9P7IMb06u1DAYlOc', '2020-09-27 14:53:38', 1),
	(108, 9, '2020-08-30 18:08:00', 'eyJhbGciOiJIUzI1NiIsInR5cCI6IkpXVCJ9.eyJyb2xlIjoidXNlciIsInVzZXJJZCI6OSwidXNlcm5hbWUiOiJib2JhbiIsImV4cCI6MTYwMTQ4MjA4MC45MjUsImlwIjoiOjoxIiwidWEiOiJNb3ppbGxhLzUuMCAoV2luZG93cyBOVCAxMC4wOyBXaW42NDsgeDY0KSBBcHBsZVdlYktpdC81MzcuMzYgKEtIVE1MLCBsaWtlIEdlY2tvKSBDaHJvbWUvODUuMC40MTgzLjgzIFNhZmFyaS81MzcuMzYiLCJpYXQiOjE1OTg4MDM2ODB9.RVRYFrqunFg6n7P2G2apebQpNfUgEqYArioqKNXIil4', '2020-09-30 16:08:00', 1),
	(109, 9, '2020-08-31 00:45:39', 'eyJhbGciOiJIUzI1NiIsInR5cCI6IkpXVCJ9.eyJyb2xlIjoidXNlciIsInVzZXJJZCI6OSwidXNlcm5hbWUiOiJib2JhbiIsImV4cCI6MTYwMTUwNTkzOS4xMzIsImlwIjoiOjoxIiwidWEiOiJNb3ppbGxhLzUuMCAoV2luZG93cyBOVCAxMC4wOyBXaW42NDsgeDY0KSBBcHBsZVdlYktpdC81MzcuMzYgKEtIVE1MLCBsaWtlIEdlY2tvKSBDaHJvbWUvODUuMC40MTgzLjgzIFNhZmFyaS81MzcuMzYiLCJpYXQiOjE1OTg4Mjc1Mzl9.L_GiZw74lOoZ2yMx3wzgXUqN7nw1L-9i2kZNJeh6AdE', '2020-09-30 22:45:39', 1),
	(110, 9, '2020-08-31 03:02:29', 'eyJhbGciOiJIUzI1NiIsInR5cCI6IkpXVCJ9.eyJyb2xlIjoidXNlciIsInVzZXJJZCI6OSwidXNlcm5hbWUiOiJib2JhbiIsImV4cCI6MTYwMTUxNDE0OS4yOTQsImlwIjoiOjoxIiwidWEiOiJNb3ppbGxhLzUuMCAoV2luZG93cyBOVCAxMC4wOyBXaW42NDsgeDY0KSBBcHBsZVdlYktpdC81MzcuMzYgKEtIVE1MLCBsaWtlIEdlY2tvKSBDaHJvbWUvODUuMC40MTgzLjgzIFNhZmFyaS81MzcuMzYiLCJpYXQiOjE1OTg4MzU3NDl9.tlKoidKeVisdC6cIvhJVgEWJ8SwfQ4f8XAGgpbzBPfA', '2020-10-01 01:02:29', 1),
	(111, 9, '2020-08-31 03:40:26', 'eyJhbGciOiJIUzI1NiIsInR5cCI6IkpXVCJ9.eyJyb2xlIjoidXNlciIsInVzZXJJZCI6OSwidXNlcm5hbWUiOiJib2JhbiIsImV4cCI6MTYwMTUxNjQyNi40MzEsImlwIjoiOjoxIiwidWEiOiJNb3ppbGxhLzUuMCAoV2luZG93cyBOVCAxMC4wOyBXaW42NDsgeDY0KSBBcHBsZVdlYktpdC81MzcuMzYgKEtIVE1MLCBsaWtlIEdlY2tvKSBDaHJvbWUvODUuMC40MTgzLjgzIFNhZmFyaS81MzcuMzYiLCJpYXQiOjE1OTg4MzgwMjZ9.8hgxYNNiirKc6qXb30dqT31j3SFUQ4iY1hIPahEzdBo', '2020-10-01 01:40:26', 1),
	(112, 9, '2020-08-31 19:49:20', 'eyJhbGciOiJIUzI1NiIsInR5cCI6IkpXVCJ9.eyJyb2xlIjoidXNlciIsInVzZXJJZCI6OSwidXNlcm5hbWUiOiJib2JhbiIsImV4cCI6MTYwMTU3NDU2MC44MjEsImlwIjoiOjoxIiwidWEiOiJNb3ppbGxhLzUuMCAoV2luZG93cyBOVCAxMC4wOyBXaW42NDsgeDY0KSBBcHBsZVdlYktpdC81MzcuMzYgKEtIVE1MLCBsaWtlIEdlY2tvKSBDaHJvbWUvODUuMC40MTgzLjgzIFNhZmFyaS81MzcuMzYiLCJpYXQiOjE1OTg4OTYxNjB9.6Ut5fKU0Iq7XprXJSItbjdQ8AAK7zyCAUGyyClA9tD4', '2020-10-01 17:49:20', 1),
	(113, 9, '2020-08-31 23:42:59', 'eyJhbGciOiJIUzI1NiIsInR5cCI6IkpXVCJ9.eyJyb2xlIjoidXNlciIsInVzZXJJZCI6OSwidXNlcm5hbWUiOiJib2JhbiIsImV4cCI6MTYwMTU4ODU3OS4yNDEsImlwIjoiOjoxIiwidWEiOiJNb3ppbGxhLzUuMCAoV2luZG93cyBOVCAxMC4wOyBXaW42NDsgeDY0KSBBcHBsZVdlYktpdC81MzcuMzYgKEtIVE1MLCBsaWtlIEdlY2tvKSBDaHJvbWUvODUuMC40MTgzLjgzIFNhZmFyaS81MzcuMzYiLCJpYXQiOjE1OTg5MTAxNzl9.WyhxFfJyCMO2vE_2m8Qe5ImoQunTS99rn7K5GfMGBts', '2020-10-01 21:42:59', 1),
	(115, 9, '2020-09-01 01:33:03', 'eyJhbGciOiJIUzI1NiIsInR5cCI6IkpXVCJ9.eyJyb2xlIjoidXNlciIsInVzZXJJZCI6OSwidXNlcm5hbWUiOiJib2JhbiIsImV4cCI6MTYwMTU5NTE4My42ODYsImlwIjoiOjoxIiwidWEiOiJNb3ppbGxhLzUuMCAoV2luZG93cyBOVCAxMC4wOyBXaW42NDsgeDY0KSBBcHBsZVdlYktpdC81MzcuMzYgKEtIVE1MLCBsaWtlIEdlY2tvKSBDaHJvbWUvODUuMC40MTgzLjgzIFNhZmFyaS81MzcuMzYiLCJpYXQiOjE1OTg5MTY3ODN9.yJO8B9EKRLSfCqJ-BcLL0omsTUzDYcZGsmhQDlJKoU0', '2020-10-01 23:33:03', 1),
	(116, 9, '2020-09-01 01:42:26', 'eyJhbGciOiJIUzI1NiIsInR5cCI6IkpXVCJ9.eyJyb2xlIjoidXNlciIsInVzZXJJZCI6OSwidXNlcm5hbWUiOiJib2JhbiIsImV4cCI6MTYwMTU5NTc0Ni4yMDMsImlwIjoiOjoxIiwidWEiOiJNb3ppbGxhLzUuMCAoV2luZG93cyBOVCAxMC4wOyBXaW42NDsgeDY0KSBBcHBsZVdlYktpdC81MzcuMzYgKEtIVE1MLCBsaWtlIEdlY2tvKSBDaHJvbWUvODUuMC40MTgzLjgzIFNhZmFyaS81MzcuMzYiLCJpYXQiOjE1OTg5MTczNDZ9.Lt-LvzLFRcV9TNvhnpt3_TDnNRuqYBC40wQJxp0N8L0', '2020-10-01 23:42:26', 1),
	(117, 9, '2020-09-01 01:50:31', 'eyJhbGciOiJIUzI1NiIsInR5cCI6IkpXVCJ9.eyJyb2xlIjoidXNlciIsInVzZXJJZCI6OSwidXNlcm5hbWUiOiJib2JhbiIsImV4cCI6MTYwMTU5NjIzMS43NjgsImlwIjoiOjoxIiwidWEiOiJNb3ppbGxhLzUuMCAoV2luZG93cyBOVCAxMC4wOyBXaW42NDsgeDY0KSBBcHBsZVdlYktpdC81MzcuMzYgKEtIVE1MLCBsaWtlIEdlY2tvKSBDaHJvbWUvODUuMC40MTgzLjgzIFNhZmFyaS81MzcuMzYiLCJpYXQiOjE1OTg5MTc4MzF9.itgJ887OUHkv5l7K0BL9qctiZzRpHmImLZHfdlMOUkA', '2020-10-01 23:50:31', 1),
	(118, 9, '2020-09-01 02:47:09', 'eyJhbGciOiJIUzI1NiIsInR5cCI6IkpXVCJ9.eyJyb2xlIjoidXNlciIsInVzZXJJZCI6OSwidXNlcm5hbWUiOiJib2JhbiIsImV4cCI6MTYwMTU5OTYyOS45NjksImlwIjoiOjoxIiwidWEiOiJNb3ppbGxhLzUuMCAoV2luZG93cyBOVCAxMC4wOyBXaW42NDsgeDY0KSBBcHBsZVdlYktpdC81MzcuMzYgKEtIVE1MLCBsaWtlIEdlY2tvKSBDaHJvbWUvODUuMC40MTgzLjgzIFNhZmFyaS81MzcuMzYiLCJpYXQiOjE1OTg5MjEyMjl9.T9JG7f50W1aSLIZrLcdKvGmo02pztMhDyxIeNROH3GQ', '2020-10-02 00:47:09', 1),
	(119, 9, '2020-09-01 03:37:39', 'eyJhbGciOiJIUzI1NiIsInR5cCI6IkpXVCJ9.eyJyb2xlIjoidXNlciIsInVzZXJJZCI6OSwidXNlcm5hbWUiOiJib2JhbiIsImV4cCI6MTYwMTYwMjY1OS4yNjUsImlwIjoiOjoxIiwidWEiOiJNb3ppbGxhLzUuMCAoV2luZG93cyBOVCAxMC4wOyBXaW42NDsgeDY0KSBBcHBsZVdlYktpdC81MzcuMzYgKEtIVE1MLCBsaWtlIEdlY2tvKSBDaHJvbWUvODUuMC40MTgzLjgzIFNhZmFyaS81MzcuMzYiLCJpYXQiOjE1OTg5MjQyNTl9._xNvCCXFv652FOI3G-tOCbDol8oNwWwtNLeNq2I43YI', '2020-10-02 01:37:39', 1),
	(120, 9, '2020-09-01 03:55:05', 'eyJhbGciOiJIUzI1NiIsInR5cCI6IkpXVCJ9.eyJyb2xlIjoidXNlciIsInVzZXJJZCI6OSwidXNlcm5hbWUiOiJib2JhbiIsImV4cCI6MTYwMTYwMzcwNS4zMjYsImlwIjoiOjoxIiwidWEiOiJNb3ppbGxhLzUuMCAoV2luZG93cyBOVCAxMC4wOyBXaW42NDsgeDY0KSBBcHBsZVdlYktpdC81MzcuMzYgKEtIVE1MLCBsaWtlIEdlY2tvKSBDaHJvbWUvODUuMC40MTgzLjgzIFNhZmFyaS81MzcuMzYiLCJpYXQiOjE1OTg5MjUzMDV9.fhiO3ehztSpbGWQkrXAzKd81aYhYKj2Cq0rGrhQ7QS8', '2020-10-02 01:55:05', 1),
	(121, 9, '2020-09-01 03:56:56', 'eyJhbGciOiJIUzI1NiIsInR5cCI6IkpXVCJ9.eyJyb2xlIjoidXNlciIsInVzZXJJZCI6OSwidXNlcm5hbWUiOiJib2JhbiIsImV4cCI6MTYwMTYwMzgxNi42MjksImlwIjoiOjoxIiwidWEiOiJNb3ppbGxhLzUuMCAoV2luZG93cyBOVCAxMC4wOyBXaW42NDsgeDY0KSBBcHBsZVdlYktpdC81MzcuMzYgKEtIVE1MLCBsaWtlIEdlY2tvKSBDaHJvbWUvODUuMC40MTgzLjgzIFNhZmFyaS81MzcuMzYiLCJpYXQiOjE1OTg5MjU0MTZ9.hqrNoULXkqR-hHRfKBx2s7F-7XAM6FPlnF1JtwNH68E', '2020-10-02 01:56:56', 1),
	(122, 9, '2020-09-01 17:32:28', 'eyJhbGciOiJIUzI1NiIsInR5cCI6IkpXVCJ9.eyJyb2xlIjoidXNlciIsInVzZXJJZCI6OSwidXNlcm5hbWUiOiJib2JhbiIsImV4cCI6MTYwMTY1Mjc0OC41NTIsImlwIjoiOjoxIiwidWEiOiJNb3ppbGxhLzUuMCAoV2luZG93cyBOVCAxMC4wOyBXaW42NDsgeDY0KSBBcHBsZVdlYktpdC81MzcuMzYgKEtIVE1MLCBsaWtlIEdlY2tvKSBDaHJvbWUvODUuMC40MTgzLjgzIFNhZmFyaS81MzcuMzYiLCJpYXQiOjE1OTg5NzQzNDh9.PQgnwgIM4XF8sRPo-4gktQ4g_WwGNGfNIjXqgW8bHV8', '2020-10-02 15:32:28', 1),
	(123, 9, '2020-09-01 17:58:40', 'eyJhbGciOiJIUzI1NiIsInR5cCI6IkpXVCJ9.eyJyb2xlIjoidXNlciIsInVzZXJJZCI6OSwidXNlcm5hbWUiOiJib2JhbiIsImV4cCI6MTYwMTY1NDMyMC4wNzEsImlwIjoiOjoxIiwidWEiOiJNb3ppbGxhLzUuMCAoV2luZG93cyBOVCAxMC4wOyBXaW42NDsgeDY0KSBBcHBsZVdlYktpdC81MzcuMzYgKEtIVE1MLCBsaWtlIEdlY2tvKSBDaHJvbWUvODUuMC40MTgzLjgzIFNhZmFyaS81MzcuMzYiLCJpYXQiOjE1OTg5NzU5MjB9.czWTc8oroZqZ6hRBMlDzgLvXTGa5NP0PKw_q1D8Zcys', '2020-10-02 15:58:40', 1),
	(124, 25, '2020-09-01 19:45:22', 'eyJhbGciOiJIUzI1NiIsInR5cCI6IkpXVCJ9.eyJyb2xlIjoidXNlciIsInVzZXJJZCI6MjUsInVzZXJuYW1lIjoiS29yaXNuaWsiLCJleHAiOjE2MDE2NjA3MjIuMDI4LCJpcCI6Ijo6MSIsInVhIjoiTW96aWxsYS81LjAgKFdpbmRvd3MgTlQgMTAuMDsgV2luNjQ7IHg2NCkgQXBwbGVXZWJLaXQvNTM3LjM2IChLSFRNTCwgbGlrZSBHZWNrbykgQ2hyb21lLzg0LjAuNDE0Ny4xMjUgU2FmYXJpLzUzNy4zNiBPUFIvNzAuMC4zNzI4LjEzMyIsImlhdCI6MTU5ODk4MjMyMn0.2YisZPjc0ne6k74_XBq30l3_r1z6-OwpD-sFiPye8rs', '2020-10-02 17:45:22', 1);
/*!40000 ALTER TABLE `user_token` ENABLE KEYS */;

/*!40101 SET SQL_MODE=IFNULL(@OLD_SQL_MODE, '') */;
/*!40014 SET FOREIGN_KEY_CHECKS=IF(@OLD_FOREIGN_KEY_CHECKS IS NULL, 1, @OLD_FOREIGN_KEY_CHECKS) */;
/*!40101 SET CHARACTER_SET_CLIENT=@OLD_CHARACTER_SET_CLIENT */;
